code,ticker,type,strike,expiry,dte,spot,spot_prev,bid,ask,mid,last,prev_close,volume,oi,oi_chg,turnover,iv,delta,gamma,theta,vega,data_date,px_chg_pct,spot_chg_pct,excess_pct,vol_oi,oi_add_pct,spread_pct,theta_pct,moneyness_pct,buildup,bias,buildup_score,buildup_tags,buyer_q
US.SPY261008C778000,SPY,CALL,778.0,2026-10-08,0,777.22,779.09,1.36,1.37,1.365,1.36,3.012,96588.0,15937.0,14882.0,12898818.0,17.819,0.438413942,0.093905539,-2.567118422,0.092851614,2026-10-07,-54.8472775564409,-0.2400236172971036,44.82071713147411,6.0606136663111,1410.6161137440758,0.7326007326007333,188.06728366300368,0.10035768508272726,0-1 DTE (skip),0,5,"Fresh (vol>OI), OI added 999%, Near ATM",28.5
US.SPY261008C777000,SPY,CALL,777.0,2026-10-08,0,777.22,779.09,1.88,1.89,1.885,1.89,3.6742,83409.0,6127.0,5271.0,13897285.0,18.208,0.532485385,0.092699809,-2.654460975,0.093664646,2026-10-07,-48.560230798541184,-0.2400236172971036,50.786801070981504,13.613350742614656,615.7710280373832,0.5305039787798413,140.82021087533155,-0.028306013741286544,0-1 DTE (skip),0,5,"Fresh (vol>OI), OI added 616%, Near ATM",28.9
US.SPCX261009P165000,SPCX,PUT,165.0,2026-10-09,1,167.6,171.92,1.26,1.28,1.27,1.26,0.785,81301.0,15633.0,1717.0,11147795.0,58.852,-0.321879263,0.060323232,-0.972175971,0.0362013,2026-10-07,60.509554140127385,-2.5127966496044634,7.217522909554411,5.200601292138425,12.338315607933314,1.5748031496063006,76.54928905511811,-1.5513126491646745,0-1 DTE (skip),0,3,"Fresh (vol>OI), Near ATM",56.9
US.IWM261016P270000,IWM,PUT,270.0,2026-10-16,8,277.7,281.34,0.75,0.78,0.765,0.75,0.5,81033.0,85770.0,-131.0,7079791.0,20.339,-0.166239342,0.029237856,-0.123745785,0.104582367,2026-10-07,50.0,-1.2938082035970664,-46.27308397599956,0.9447708989157048,-0.15250113502753168,3.921568627450984,16.175919607843138,-2.772776377385664,Long unwinding,0,1,—,46.0
US.SPY261008P775000,SPY,PUT,775.0,2026-10-08,0,777.22,779.09,0.79,0.8,0.795,0.8,0.885,78704.0,11273.0,7989.0,11753841.0,18.289,-0.292561121,0.079792388,-2.226386606,0.080928527,2026-10-07,-9.604519774011296,-0.2400236172971036,89.26553672316385,6.981637541027233,243.27040194884287,1.2578616352201268,280.0486296855346,-0.28563341138931414,0-1 DTE (skip),0,5,"Fresh (vol>OI), OI added 243%, Near ATM",0.0
US.HTZ261016C2500,HTZ,CALL,2.5,2026-10-16,8,2.07,2.06,0.07,0.09,0.08,0.08,0.08,78438.0,41111.0,24126.0,793392.0,171.29,0.27531868,0.62344157,-0.010944571,0.001043712,2026-10-07,0.0,0.4854368932038731,10.239230250000068,1.907956507990562,142.04297909920518,24.999999999999986,13.68071375,20.772946859903392,Long buildup,1,6,"Fresh (vol>OI), OI added 142%, Stealth",16.3
US.SPY261008P777000,SPY,PUT,777.0,2026-10-08,0,777.22,779.09,1.46,1.47,1.465,1.46,1.385,75223.0,6417.0,5179.0,13182108.0,17.324,-0.466146099,0.097457424,-2.446178519,0.093624901,2026-10-07,5.415162454873642,-0.2400236172971036,104.69314079422382,11.722455976312919,418.3360258481422,0.6825938566552906,166.97464293515358,-0.028306013741286544,0-1 DTE (skip),0,5,"Fresh (vol>OI), OI added 418%, Near ATM",28.6
US.XLF261120C56000,XLF,CALL,56.0,2026-11-20,43,53.75,54.01,0.46,0.56,0.51,0.48,0.575,74195.0,106028.0,62004.0,3413408.0,16.708,0.27532525,0.107797933,-0.01346913,0.061847485,2026-10-07,-16.521739130434778,-0.48139233475281995,-1.729792173913138,0.6997679858150677,140.84135925858624,19.607843137254907,2.641005882352941,4.186046511627907,—,0,3,OI added 141%,18.1
US.SPCX261009C170000,SPCX,CALL,170.0,2026-10-09,1,167.6,171.92,1.45,1.48,1.465,1.45,4.2,70915.0,16995.0,2399.0,12649367.0,60.967,0.357624695,0.060622204,-1.082062796,0.037694914,2026-10-07,-65.47619047619048,-2.5127966496044634,-2.928536228571492,4.172697852309502,16.436009865716635,2.047781569965872,73.86094170648464,1.4319809069212444,0-1 DTE (skip),0,4,"Fresh (vol>OI), Near ATM",55.9
US.XP261030P21000,XP,PUT,21.0,2026-10-30,22,29.53,29.73,0.0,0.65,0.21,0.21,0.1667,70000.0,70053.0,70000.0,1470000.0,97.729,-0.061702863,0.01705926,-0.019049461,0.008891923,2026-10-07,25.974805038992205,-0.6727211570803877,29.99933317336535,0.9992434299744479,132075.47169811322,309.5238095238095,9.071171904761906,-28.885878767355234,Long buildup,-1,3,OI added 999%,10.9
US.SPY261008P776000,SPY,PUT,776.0,2026-10-08,0,777.22,779.09,1.08,1.09,1.085,1.07,1.105,69257.0,8623.0,7241.0,10986551.0,17.773,-0.37366949,0.090496792,-2.391740539,0.089202452,2026-10-07,-3.1674208144796308,-0.2400236172971036,95.92760180995475,8.031659515249913,523.9507959479016,0.9216589861751161,220.4369160368664,-0.15696971256530032,0-1 DTE (skip),0,7,"Fresh (vol>OI), OI added 524%, Stealth, Near ATM",28.2
US.SOFI261120P13000,SOFI,PUT,13.0,2026-11-20,43,15.66,15.76,0.23,0.24,0.235,0.24,0.18,67546.0,66931.0,61903.0,1645212.0,56.072,-0.139585605,0.07344037,-0.007522539,0.011986428,2026-10-07,33.33333333333333,-0.6345177664974597,29.757765833333366,1.0091885673305345,1231.1654733492442,4.255319148936162,3.201080425531915,-16.985951468710088,Long buildup,-1,4,"Fresh (vol>OI), OI added 999%",48.3
US.NVDA261009C240000,NVDA,CALL,240.0,2026-10-09,1,237.47,239.24,1.06,1.07,1.065,1.07,2.105,65975.0,76662.0,1535.0,7930399.0,36.228,0.319874173,0.068968906,-0.84007042,0.051160539,2026-10-07,-49.16864608076009,-0.7398428356462172,17.636470603800642,0.8605958623568392,2.0432068364236557,0.9389671361502356,78.8798516431925,1.0653977344506678,0-1 DTE (skip),0,2,Near ATM,58.1
US.IWM261016P275000,IWM,PUT,275.0,2026-10-16,8,277.7,281.34,1.86,1.89,1.875,1.87,1.135,65606.0,112272.0,-13605.0,12191861.0,18.975,-0.346191013,0.046454987,-0.171728308,0.154698245,2026-10-07,64.75770925110133,-1.2938082035970664,-31.137178794713215,0.5843487245261508,-10.80816988012107,1.5999999999999897,9.158843093333333,-0.9722722362261392,Long unwinding,0,2,Near ATM,87.6
US.SPY261008P774000,SPY,PUT,774.0,2026-10-08,0,777.22,779.09,0.57,0.58,0.575,0.58,0.705,64939.0,6765.0,5109.0,10111473.0,18.806,-0.224322033,0.067592361,-1.982462141,0.070478018,2026-10-07,-17.73049645390071,-0.2400236172971036,80.85106382978722,9.599260901699926,308.5144927536232,1.7391304347826104,344.7760245217392,-0.4142971102133279,0-1 DTE (skip),0,5,"Fresh (vol>OI), OI added 309%, Near ATM",0.0
US.HYG261120C78000,HYG,CALL,78.0,2026-11-20,43,77.18,77.27,0.12,0.22,0.17,0.17,0.27,63219.0,138449.0,46429.0,1279906.0,3.41,0.297909583,0.382089467,-0.006039144,0.091083417,2026-10-07,-37.03703703703704,-0.11647469910701334,-24.869997603704896,0.45662301641759784,50.45533579656596,58.82352941176471,3.5524376470588233,1.062451412282966,Short buildup,-1,4,"OI added 50%, Near ATM",16.4
US.XLF261120P53000,XLF,PUT,53.0,2026-11-20,43,53.75,54.01,0.76,0.89,0.825,0.87,0.785,60769.0,125460.0,55753.0,5227436.0,17.152,-0.367709314,0.120378293,-0.012012814,0.069546534,2026-10-07,10.828025477707001,-0.48139233475281995,0.17941303949053203,0.4843695201657899,79.98192434045362,15.75757575757576,1.4560986666666669,-1.3953488372093024,—,0,4,"OI added 80%, Near ATM",57.0
US.SPY261008C776000,SPY,CALL,776.0,2026-10-08,0,777.22,779.09,2.49,2.51,2.5,2.5,4.3958,60522.0,6048.0,5212.0,11811269.0,18.641,0.620847837,0.086645385,-2.603142379,0.08962019,2026-10-07,-43.1275308248783,-0.2400236172971036,42.50256686359713,10.006944444444445,623.444976076555,0.7999999999999831,104.12569515999999,-0.15696971256530032,0-1 DTE (skip),0,5,"Fresh (vol>OI), OI added 623%, Near ATM",28.4
US.SPY261008C775000,SPY,CALL,775.0,2026-10-08,0,777.22,779.09,3.19,3.23,3.21,3.22,5.1769,59090.0,5207.0,4168.0,14165615.0,19.241,0.698274354,0.076908437,-2.459679228,0.082089711,2026-10-07,-37.800614267225555,-0.2400236172971036,34.93504355850033,11.348185135394662,401.1549566891242,1.2461059190031165,76.62552112149534,-0.28563341138931414,0-1 DTE (skip),0,5,"Fresh (vol>OI), OI added 401%, Near ATM",0.0
US.QQQ261008P748000,QQQ,PUT,748.0,2026-10-08,0,757.73,759.66,0.18,0.19,0.185,0.19,0.5,58069.0,9841.0,8557.0,4675066.0,28.439,-0.064645246,0.019308779,-1.181730757,0.029018269,2026-10-07,-62.0,-0.254061027301681,36.0,5.900721471395183,666.4330218068536,5.405405405405411,638.7733821621621,-1.2840985575336885,0-1 DTE (skip),0,5,"Fresh (vol>OI), OI added 666%, Near ATM",0.0
US.XLF261120C60000,XLF,CALL,60.0,2026-11-20,43,53.75,54.01,0.05,0.08,0.065,0.07,0.075,57038.0,69658.0,56325.0,401813.0,17.975,0.048066142,0.029993671,-0.004053242,0.018520694,2026-10-07,-6.666666666666654,-0.48139233475281995,15.40058522666656,0.8188291366390077,422.44806120153004,46.15384615384615,6.235756923076923,11.627906976744185,Long buildup,1,3,OI added 422%,13.8
US.IWM261120P265000,IWM,PUT,265.0,2026-11-20,43,277.7,281.34,2.99,3.03,3.01,3.01,2.365,55199.0,96677.0,7846.0,17000367.0,21.873,-0.236371193,0.014793398,-0.0682686,0.294594123,2026-10-07,27.272727272727256,-1.2938082035970664,-6.2208263221986,0.5709631039440611,8.832502167036282,1.3289036544850363,2.2680598006644517,-4.573280518545189,Short buildup,1,1,—,55.1
US.QQQ261008P755000,QQQ,PUT,755.0,2026-10-08,0,757.73,759.66,1.1,1.12,1.11,1.11,1.595,54808.0,13508.0,-5801.0,10302953.0,24.531,-0.306526188,0.062251106,-2.980257344,0.08069444,2026-10-07,-30.407523510971778,-0.254061027301681,68.96551724137932,4.057447438554931,-30.04298513646486,1.8018018018018032,268.4916526126126,-0.3602866456389503,0-1 DTE (skip),0,3,"Fresh (vol>OI), Near ATM",26.4
US.AMZN261009C260000,AMZN,CALL,260.0,2026-10-09,1,259.92,256.29,2.36,2.45,2.405,2.45,1.435,53811.0,17052.0,-6847.0,8382253.0,38.833,0.50182859,0.065591493,-1.237879781,0.062481883,2026-10-07,70.73170731707317,1.4163642748449004,30.051707268292873,3.1557002111189303,-28.649734298506214,3.742203742203755,51.47109276507277,0.030778701138805816,0-1 DTE (skip),0,3,"Fresh (vol>OI), Near ATM",52.5
US.QQQ261008P750000,QQQ,PUT,750.0,2026-10-08,0,757.73,759.66,0.3,0.32,0.31,0.3,0.695,52742.0,13710.0,12241.0,4141646.0,27.21,-0.103551755,0.028773702,-1.641410616,0.04136668,2026-10-07,-56.83453237410072,-0.254061027301681,41.726618705035975,3.846973012399708,833.287950987066,6.451612903225811,529.4872954838709,-1.0201522969923347,0-1 DTE (skip),0,5,"Fresh (vol>OI), OI added 833%, Near ATM",0.0
US.IWM261016P272000,IWM,PUT,272.0,2026-10-16,8,277.7,281.34,1.09,1.12,1.105,1.14,0.685,51099.0,76048.0,-38328.0,5974049.0,19.757,-0.22683375,0.036377684,-0.146045371,0.126334901,2026-10-07,66.42335766423355,-1.2938082035970664,-32.7926246715324,0.6719308857563644,-33.51052668391971,2.714932126696835,13.216775656108599,-2.052574720921854,Long unwinding,0,1,—,51.4
US.HYG261016P77000,HYG,PUT,77.0,2026-10-16,8,77.18,77.27,0.15,0.32,0.235,0.2,0.155,50766.0,254758.0,11537.0,1412266.0,7.115,-0.39865578,0.473873931,-0.016985977,0.044752348,2026-10-07,29.032258064516135,-0.11647469910701334,16.843197935486646,0.19927146546919036,4.7434226485377495,72.3404255319149,7.228075319148937,-0.23322104172066185,Long buildup,-1,1,Near ATM,52.8
US.IWM261120P270000,IWM,PUT,270.0,2026-11-20,43,277.7,281.34,4.16,4.21,4.185,4.16,3.3,50324.0,131336.0,42478.0,20739286.0,20.894,-0.313138578,0.017863803,-0.073666004,0.338420944,2026-10-07,26.060606060606073,-1.2938082035970664,-6.247224846060484,0.383169884875434,47.804362015800486,1.194743130226997,1.7602390442054958,-2.772776377385664,Short buildup,1,2,—,85.9
US.MARA261009C12000,MARA,CALL,12.0,2026-10-09,1,10.36,10.97,0.01,0.02,0.015,0.01,0.065,48865.0,45251.0,-8334.0,205397.0,139.025,0.043573171,0.10641428,-0.014976937,0.000576499,2026-10-07,-84.61538461538461,-5.560619872379227,-20.6821979846153,1.0798656383284346,-15.55285994214799,66.66666666666667,99.84624666666666,15.830115830115837,0-1 DTE (skip),0,2,Fresh (vol>OI),0.0
US.SPY261008C780000,SPY,CALL,780.0,2026-10-08,0,777.22,779.09,0.63,0.64,0.635,0.64,1.965,47891.0,8054.0,4969.0,3011856.0,17.338,0.258481459,0.079174692,-2.019428776,0.076132269,2026-10-07,-67.43002544529263,-0.2400236172971036,32.06106870229007,5.946237894214055,161.06969205834685,1.5748031496063006,318.0202796850393,0.35768508273075483,0-1 DTE (skip),0,5,"Fresh (vol>OI), OI added 161%, Near ATM",0.0
US.QQQ261008P757000,QQQ,PUT,757.0,2026-10-08,0,757.73,759.66,1.81,1.82,1.815,1.81,2.18,47566.0,6954.0,6282.0,11482604.0,24.036,-0.43914441,0.07137002,-3.291984193,0.090646536,2026-10-07,-16.972477064220186,-0.254061027301681,82.56880733944953,6.840092033362094,934.8214285714287,0.5509641873278243,181.37653955922863,-0.09634038509759653,0-1 DTE (skip),0,5,"Fresh (vol>OI), OI added 935%, Near ATM",28.9
US.EWZ261120P36000,EWZ,PUT,36.0,2026-11-20,43,42.37,43.0,0.38,0.51,0.445,0.45,0.33,45150.0,61369.0,42277.0,1675776.0,45.914,-0.124329253,0.030514895,-0.015342555,0.030024875,2026-10-07,36.36363636363636,-1.4651162790697734,17.277310790908988,0.7357134709706855,221.43829876388014,29.213483146067414,3.447765168539326,-15.034222327118238,Long buildup,-1,3,OI added 221%,16.6
US.EWZ261120P34000,EWZ,PUT,34.0,2026-11-20,43,42.37,43.0,0.18,0.32,0.25,0.24,0.19,45092.0,137835.0,-11126.0,972193.0,48.311,-0.073841819,0.019769714,-0.011038536,0.020481865,2026-10-07,26.315789473684205,-1.4651162790697734,7.641152647368313,0.3271447745492799,-7.469069085196796,56.00000000000001,4.4154143999999995,-19.754543308945003,Short covering,-1,1,—,15.6
US.NVDA261009C237500,NVDA,CALL,237.5,2026-10-09,1,237.47,239.24,2.1,2.12,2.11,2.14,3.4622,43929.0,14219.0,4921.0,9706675.0,36.93,0.50470603,0.075484907,-1.076201319,0.057083525,2026-10-07,-38.1895904338282,-0.7398428356462172,18.697099881578332,3.0894577677755115,52.92536029253603,0.9478672985782,51.00480184834123,0.012633174716806812,0-1 DTE (skip),0,5,"Fresh (vol>OI), OI added 53%, Near ATM",58.1
US.QQQ261008C757000,QQQ,CALL,757.0,2026-10-08,0,757.73,759.66,2.64,2.7,2.67,2.72,5.0117,42207.0,2568.0,2146.0,9906166.0,24.348,0.560217525,0.070450332,-3.415244011,0.090675828,2026-10-07,-45.72699882275476,-0.254061027301681,43.992334621984,16.435747663551403,508.53080568720384,2.247191011235957,127.91176071161048,-0.09634038509759653,0-1 DTE (skip),0,5,"Fresh (vol>OI), OI added 509%, Near ATM",25.5
US.SPY261008P738000,SPY,PUT,738.0,2026-10-08,0,777.22,779.09,0.01,0.02,0.015,0.01,0.0201,42140.0,37129.0,36149.0,124465.0,63.276,-0.003287573,0.000666458,-0.187049276,0.0023434,2026-10-07,-50.24875621890546,-0.2400236172971036,0.0,1.1349618896280536,3688.673469387755,66.66666666666667,1246.9951733333335,-5.046190267877824,0-1 DTE (skip),0,4,"Fresh (vol>OI), OI added 999%",0.0
US.SPCX261009P167500,SPCX,PUT,167.5,2026-10-09,1,167.6,171.92,2.29,2.31,2.3,2.32,1.335,41832.0,10442.0,3203.0,9891992.0,58.623,-0.484715609,0.067356604,-1.182317582,0.040257302,2026-10-07,73.78277153558052,-2.5127966496044634,5.494093716854164,4.0061290940432865,44.24644287885067,0.8695652173913052,51.405112260869565,-0.05966587112171499,0-1 DTE (skip),0,4,"Fresh (vol>OI), Near ATM",58.3
US.NVDA261009P235000,NVDA,PUT,235.0,2026-10-09,1,237.47,239.24,1.14,1.16,1.15,1.15,0.95,41501.0,29586.0,2929.0,5113267.0,38.32,-0.319104672,0.065154024,-0.886828728,0.051105927,2026-10-07,21.052631578947363,-0.7398428356462172,54.9487851115786,1.402724261475022,10.987733053231796,1.7391304347826104,77.1155415652174,-1.0401313850170544,0-1 DTE (skip),0,3,"Fresh (vol>OI), Near ATM",56.5
US.SPY261008C779000,SPY,CALL,779.0,2026-10-08,0,777.22,779.09,0.95,0.96,0.955,0.95,2.419,41418.0,7588.0,6105.0,3818533.0,17.591,0.345311825,0.088938629,-2.35580192,0.086799509,2026-10-07,-60.72757337742869,-0.2400236172971036,38.85903265812319,5.458355297838692,411.66554281861096,1.0471204188481684,246.68082931937175,0.22902138390674104,0-1 DTE (skip),0,5,"Fresh (vol>OI), OI added 412%, Near ATM",27.9
US.AAPL261009C340000,AAPL,CALL,340.0,2026-10-09,1,336.67,333.63,1.08,1.19,1.135,1.1,0.84,41381.0,19214.0,1340.0,4637182.0,29.905,0.298262023,0.057165833,-0.927479382,0.070330977,2026-10-07,30.95238095238097,0.9111890417528461,33.42414667618976,2.1536900176954306,7.496922904777889,9.691629955947127,81.71624511013216,0.9890991178305117,0-1 DTE (skip),0,3,"Fresh (vol>OI), Near ATM",10.6
US.MU261009C1100000,MU,CALL,1100.0,2026-10-09,1,1088.0,1045.56,10.85,11.15,11.0,11.0,3.275,41162.0,10307.0,1150.0,25018342.0,61.753,0.392676035,0.009494345,-7.557632411,0.252043839,2026-10-07,235.87786259541983,4.05906882436207,-42.21491647022956,3.9935965848452506,12.558698263623459,2.7272727272727337,68.70574919090909,1.1029411764705883,0-1 DTE (skip),0,3,"Fresh (vol>OI), Near ATM",54.5
US.SPY261008P773000,SPY,PUT,773.0,2026-10-08,0,777.22,779.09,0.41,0.42,0.415,0.41,0.565,40265.0,5727.0,4753.0,4857561.0,19.383,-0.169693984,0.055359881,-1.711582628,0.059488745,2026-10-07,-27.43362831858407,-0.2400236172971036,70.79646017699115,7.0307316221407365,487.9876796714579,2.40963855421687,412.4295489156626,-0.5429608090373417,0-1 DTE (skip),0,5,"Fresh (vol>OI), OI added 488%, Near ATM",0.0
US.NVDA261009P237500,NVDA,PUT,237.5,2026-10-09,1,237.47,239.24,2.1,2.12,2.11,2.1,1.655,39358.0,10002.0,2994.0,8179787.0,36.98,-0.495470587,0.075432162,-1.052897827,0.05707617,2026-10-07,26.888217522658614,-0.7398428356462172,37.5175158918426,3.93501299740052,42.72260273972603,0.9478672985782,49.9003709478673,0.012633174716806812,0-1 DTE (skip),0,4,"Fresh (vol>OI), Near ATM",58.1
US.SPY261009C785000,SPY,CALL,785.0,2026-10-09,1,777.22,779.09,0.28,0.29,0.285,0.29,0.895,38912.0,124697.0,1657.0,1132223.0,12.577,0.101762174,0.030059278,-0.280255735,0.083369901,2026-10-07,-67.59776536312849,-0.2400236172971036,-15.022234594413353,0.3120524150540911,1.3467165149544864,3.508771929824545,98.33534561403509,1.0010035768508239,0-1 DTE (skip),0,2,Near ATM,23.0
US.SPY261009C780000,SPY,CALL,780.0,2026-10-09,1,777.22,779.09,1.36,1.37,1.365,1.37,2.6805,38751.0,39116.0,4462.0,4724131.0,12.992,0.338118356,0.059859742,-1.03882597,0.171810262,2026-10-07,-48.89013243797798,-0.2400236172971036,13.452986223465835,0.9906687800388588,12.875858486754776,0.7326007326007333,76.10446666666667,0.35768508273075483,0-1 DTE (skip),0,2,Near ATM,58.5
US.SPY261008P772000,SPY,PUT,772.0,2026-10-08,0,777.22,779.09,0.31,0.32,0.315,0.31,0.455,38611.0,8519.0,6772.0,3122803.0,20.312,-0.130873981,0.044417949,-1.495711632,0.050017809,2026-10-07,-31.868131868131872,-0.2400236172971036,65.93406593406593,4.532339476464374,387.6359473382942,3.174603174603177,474.8290895238095,-0.6716245078613555,0-1 DTE (skip),0,5,"Fresh (vol>OI), OI added 388%, Near ATM",0.0
US.QQQ261008P754000,QQQ,PUT,754.0,2026-10-08,0,757.73,759.66,0.85,0.88,0.865,0.87,1.355,38434.0,5675.0,3939.0,8356091.0,24.994,-0.251016949,0.055423025,-2.742843177,0.073194862,2026-10-07,-35.79335793357934,-0.254061027301681,63.46863468634686,6.772511013215859,226.90092165898616,3.4682080924855523,317.0916967630058,-0.49225977590962716,0-1 DTE (skip),0,5,"Fresh (vol>OI), OI added 227%, Near ATM",0.0
US.MARA261009C12500,MARA,CALL,12.5,2026-10-09,1,10.36,10.97,0.0,0.01,0.01,0.01,0.025,38367.0,51509.0,-4115.0,105628.0,158.172,0.027362856,0.063832135,-0.009995738,0.000393444,2026-10-07,-60.0,-5.560619872379227,0.0,0.7448601215321594,-7.397885804688624,100.0,99.95738,20.65637065637066,0-1 DTE (skip),0,1,—,0.0
US.NFLX261009C70000,NFLX,CALL,70.0,2026-10-09,1,69.7,68.69,0.53,0.54,0.535,0.54,0.37,38306.0,21702.0,2328.0,1624814.0,39.909,0.43616745,0.234948444,-0.330757248,0.01654062,2026-10-07,45.94594594594596,1.4703741447081162,16.27787121621562,1.7650907750437748,12.016104056983586,1.8691588785046744,61.8237846728972,0.4304160688665669,0-1 DTE (skip),0,3,"Fresh (vol>OI), Near ATM",56.3
US.QQQ261008C758000,QQQ,CALL,758.0,2026-10-08,0,757.73,759.66,2.13,2.17,2.15,2.16,4.3606,38215.0,5162.0,4874.0,7365665.0,24.367,0.489168485,0.071180375,-3.451566483,0.091690516,2026-10-07,-50.4655322662019,-0.254061027301681,49.30514149428979,7.403138318481209,1692.361111111111,1.8604651162790715,160.53797595348837,0.035632745173080356,0-1 DTE (skip),0,5,"Fresh (vol>OI), OI added 999%, Near ATM",26.3
US.QQQ261008P756000,QQQ,PUT,756.0,2026-10-08,0,757.73,759.66,1.41,1.43,1.42,1.42,1.87,38001.0,6871.0,5519.0,8361989.0,24.17,-0.369705515,0.067939479,-3.166041508,0.086774771,2026-10-07,-24.064171122994658,-0.254061027301681,75.40106951871657,5.530636006403726,408.2100591715976,1.4084507042253533,222.9606695774648,-0.2283135153682734,0-1 DTE (skip),0,5,"Fresh (vol>OI), OI added 408%, Near ATM",27.2
US.IWM261016P269000,IWM,PUT,269.0,2026-10-16,8,277.7,281.34,0.63,0.66,0.645,0.65,0.43,37813.0,73024.0,15012.0,2770549.0,20.755,-0.142606457,0.025881563,-0.113666709,0.094494389,2026-10-07,51.162790697674424,-1.2938082035970664,-43.12111499534836,0.5178160604732691,25.877404674894848,4.651162790697678,17.62274558139535,-3.132877205617569,Short buildup,1,2,—,43.1
US.SPY261120P736000,SPY,PUT,736.0,2026-11-20,43,777.22,779.09,3.88,3.91,3.895,3.89,3.7165,36317.0,15424.0,2135.0,15192823.0,17.364,-0.155784502,0.005157815,-0.116759535,0.638725089,2026-10-07,4.668370778958703,-0.2400236172971036,-0.0284537532624999,2.3545772821576763,16.06591918127775,0.7702182284980809,2.997677406931964,-5.303517665525852,—,0,5,"Fresh (vol>OI), Stealth",55.5
US.SPCX261009P170000,SPCX,PUT,170.0,2026-10-09,1,167.6,171.92,3.7,3.85,3.775,3.75,2.1977,36102.0,6423.0,-4221.0,13227748.0,59.193,-0.647017281,0.06220112,-1.023806753,0.037516215,2026-10-07,70.63293443145105,-2.5127966496044634,-9.965322879373744,5.620737972909855,-39.65614430665163,3.9735099337748316,27.12070868874172,1.4319809069212444,0-1 DTE (skip),0,3,"Fresh (vol>OI), Near ATM",64.9
US.SPY261008P739000,SPY,PUT,739.0,2026-10-08,0,777.22,779.09,0.01,0.02,0.015,0.01,0.0219,36086.0,34147.0,33403.0,107456.0,61.787,-0.003360725,0.000696154,-0.186473329,0.002390335,2026-10-07,-54.337899543378995,-0.2400236172971036,0.0,1.0567839048818344,4489.6505376344085,66.66666666666667,1243.1555266666667,-4.91752656905381,0-1 DTE (skip),0,4,"Fresh (vol>OI), OI added 999%",0.0
US.EWZ261120P39000,EWZ,PUT,39.0,2026-11-20,43,42.37,43.0,0.72,1.01,0.865,0.92,0.765,35905.0,36546.0,22853.0,3196207.0,39.988,-0.235373612,0.052631448,-0.019801005,0.04501798,2026-10-07,20.261437908496735,-1.4651162790697734,3.4660953516339243,0.9824604607891424,166.89549404805376,33.52601156069365,2.289133526011561,-7.9537408543780925,Long buildup,-1,3,OI added 167%,17.7
US.SPCX261009P160000,SPCX,PUT,160.0,2026-10-09,1,167.6,171.92,0.3,0.31,0.305,0.31,0.255,35604.0,18357.0,-967.0,1425100.0,61.604,-0.101613649,0.028539849,-0.299417773,0.017929631,2026-10-07,21.56862745098039,-2.5127966496044634,-33.1581139921566,1.9395326033665632,-5.004139929621196,3.2786885245901667,98.16976163934427,-4.5346062052505935,0-1 DTE (skip),0,2,Fresh (vol>OI),23.4
US.SPY261008P778000,SPY,PUT,778.0,2026-10-08,0,777.22,779.09,1.95,1.96,1.955,1.95,1.725,35328.0,5393.0,4125.0,7968479.0,17.033,-0.564754731,0.098213619,-2.371701941,0.092713448,2026-10-07,13.043478260869556,-0.2400236172971036,89.31075907420275,6.550713888373818,325.3154574132492,0.5115089514066501,121.31467728900256,0.10035768508272726,0-1 DTE (skip),0,5,"Fresh (vol>OI), OI added 325%, Near ATM",29.0
US.SPY261008C782000,SPY,CALL,782.0,2026-10-08,0,777.22,779.09,0.24,0.25,0.245,0.24,1.145,34852.0,11707.0,8819.0,902058.0,17.018,0.123662702,0.050963985,-1.218555065,0.048067051,2026-10-07,-79.03930131004367,-0.2400236172971036,20.087336244541483,2.9770222943538056,305.3670360110803,4.081632653061228,497.3694142857143,0.6150124803787824,0-1 DTE (skip),0,5,"Fresh (vol>OI), OI added 305%, Near ATM",0.0
US.SPY261009P775000,SPY,PUT,775.0,2026-10-09,1,777.22,779.09,1.35,1.37,1.36,1.36,1.315,34822.0,16761.0,1401.0,7640955.0,12.679,-0.341211899,0.061632298,-0.990937096,0.172340497,2026-10-07,3.4220532319391754,-0.2400236172971036,30.256338012927657,2.0775610047133224,9.12109375,1.4705882352941189,72.86302176470588,-0.28563341138931414,0-1 DTE (skip),0,5,"Fresh (vol>OI), Stealth, Near ATM",57.1
US.TSLA261009P375000,TSLA,PUT,375.0,2026-10-09,1,377.81,380.68,2.81,2.88,2.845,2.84,2.625,34413.0,3694.0,497.0,12690523.0,45.523,-0.385604851,0.036913147,-1.913094781,0.08704922,2026-10-07,8.190476190476186,-0.7539140485447107,38.910813662095165,9.31591770438549,15.54582421019706,2.460456942003509,67.24410478031633,-0.743760091051058,0-1 DTE (skip),0,4,"Fresh (vol>OI), Near ATM",55.1
US.TSLA261009C380000,TSLA,CALL,380.0,2026-10-09,1,377.81,380.68,3.2,3.25,3.225,3.21,5.473,34075.0,11133.0,3559.0,10829894.0,46.196,0.425181403,0.037266275,-2.050978129,0.089213667,2026-10-07,-41.348437785492415,-0.7539140485447107,18.422231968024896,3.060720380849726,46.9897016107737,1.5503875968992191,63.596221054263566,0.5796564410682613,0-1 DTE (skip),0,4,"Fresh (vol>OI), Near ATM",56.9
US.PLTR261009C195000,PLTR,CALL,195.0,2026-10-09,1,194.12,192.07,2.1,2.2,2.15,2.2,1.915,34059.0,17859.0,-1248.0,6389135.0,54.61,0.453540851,0.06203511,-1.274077982,0.046343402,2026-10-07,14.882506527415151,1.0673192065392885,32.86262336553498,1.907105661011255,-6.53163761972052,4.651162790697678,59.25944102325582,0.45332783845044067,0-1 DTE (skip),0,3,"Fresh (vol>OI), Near ATM",50.7
US.SPY261008P770000,SPY,PUT,770.0,2026-10-08,0,777.22,779.09,0.17,0.18,0.175,0.18,0.295,33992.0,11230.0,7202.0,1916416.0,21.852,-0.075590182,0.027664063,-1.056984473,0.033521462,2026-10-07,-38.983050847457626,-0.2400236172971036,57.6271186440678,3.026892252894034,178.79841112214498,5.714285714285704,603.9911274285714,-0.928951905509383,0-1 DTE (skip),0,5,"Fresh (vol>OI), OI added 179%, Near ATM",0.0
US.SPY261008C781000,SPY,CALL,781.0,2026-10-08,0,777.22,779.09,0.4,0.41,0.405,0.4,1.52,33937.0,11463.0,8059.0,1217760.0,17.174,0.183940459,0.065742798,-1.625626464,0.062592107,2026-10-07,-73.6842105263158,-0.2400236172971036,25.657894736842106,2.9605687865305765,236.75088131609868,2.469135802469124,401.3892503703703,0.4863487815547686,0-1 DTE (skip),0,5,"Fresh (vol>OI), OI added 237%, Near ATM",0.0
US.NVDA261009C242500,NVDA,CALL,242.5,2026-10-09,1,237.47,239.24,0.47,0.49,0.48,0.49,1.145,33461.0,34001.0,8274.0,1774587.0,36.328,0.173588779,0.049331657,-0.453340724,0.036688812,2026-10-07,-57.20524017467249,-0.7398428356462172,9.222084089956484,0.9841181141731126,32.16076495510553,4.1666666666666705,94.44598416666666,2.118162294184529,0-1 DTE (skip),0,2,—,21.7
US.HYG261120P77000,HYG,PUT,77.0,2026-11-20,43,77.18,77.27,0.49,0.8,0.645,0.66,0.63,33360.0,322353.0,5460.0,2528451.0,8.026,-0.419475154,0.195345878,-0.006933069,0.102227759,2026-10-07,4.761904761904765,-0.11647469910701334,-0.13011029523737233,0.10348903221003061,1.7229790497107857,48.062015503875976,1.0748944186046512,-0.23322104172066185,—,0,3,"Stealth, Near ATM",48.9
US.NVDA261009C245000,NVDA,CALL,245.0,2026-10-09,1,237.47,239.24,0.21,0.22,0.215,0.21,0.56,33299.0,59653.0,5424.0,796506.0,37.676,0.08732566,0.029451089,-0.212730854,0.022715714,2026-10-07,-62.500000000000014,-0.7398428356462172,3.088798607143004,0.5582116574187383,10.002028434970219,4.651162790697678,98.94458325581395,3.1709268539183904,0-1 DTE (skip),0,1,—,20.7
US.SPY261009C775000,SPY,CALL,775.0,2026-10-09,1,777.22,779.09,4.07,4.13,4.1,4.1,5.7061,32568.0,14694.0,3134.0,10589674.0,14.526,0.640327145,0.054763304,-1.260903675,0.17578077,2026-10-07,-28.147070678747315,-0.2400236172971036,14.935164756138212,2.216414863209473,27.110726643598614,1.463414634146332,30.75374817073171,-0.28563341138931414,0-1 DTE (skip),0,4,"Fresh (vol>OI), Near ATM",66.3
US.TLT261009C77000,TLT,CALL,77.0,2026-10-09,1,77.145,77.28,0.43,0.45,0.44,0.48,0.5529,32563.0,17639.0,3667.0,983557.0,19.638,0.563526665,0.429864899,-0.182931205,0.018376647,2026-10-07,-13.185024416711876,-0.17468944099379544,33.660210666486336,1.846079709734112,26.24534783853421,4.545454545454549,41.57527386363636,-0.1879577419145713,0-1 DTE (skip),0,4,"Fresh (vol>OI), Near ATM",50.9
US.QQQ261008C760000,QQQ,CALL,760.0,2026-10-08,0,757.73,759.66,1.3,1.31,1.305,1.3,3.2275,32162.0,5832.0,4801.0,3564033.0,24.218,0.34975824,0.066502203,-3.163850257,0.085129839,2026-10-07,-59.72114639814098,-0.254061027301681,39.96901626646011,5.514746227709191,465.6644034917556,0.7662835249042153,242.44063272030652,0.29957900571443413,0-1 DTE (skip),0,5,"Fresh (vol>OI), OI added 466%, Near ATM",28.5
US.SPCX261009C175000,SPCX,CALL,175.0,2026-10-09,1,167.6,171.92,0.43,0.44,0.435,0.43,1.955,31753.0,21849.0,1718.0,2188306.0,63.847,0.135639435,0.033781467,-0.421764771,0.021996088,2026-10-07,-78.00511508951406,-2.5127966496044634,-26.458970322250696,1.4532930568904756,8.534101634295366,2.2988505747126458,96.95741862068965,4.415274463007163,0-1 DTE (skip),0,2,Fresh (vol>OI),25.4
US.SPY261009C777000,SPY,CALL,777.0,2026-10-09,1,777.22,779.09,2.77,2.8,2.785,2.78,4.2521,31085.0,4904.0,2026.0,8085695.0,13.702,0.527681427,0.061779985,-1.321657021,0.187103615,2026-10-07,-34.620540438842,-0.2400236172971036,19.66842946990902,6.338703099510604,70.3961084086171,1.0771992818671383,47.45626646319569,-0.028306013741286544,0-1 DTE (skip),0,5,"Fresh (vol>OI), OI added 70%, Near ATM",57.8
US.INTC261016C120000,INTC,CALL,120.0,2026-10-16,8,113.12,112.5,1.83,1.88,1.855,1.85,1.85,30936.0,61148.0,18530.0,5729687.0,63.36,0.287776116,0.031508376,-0.229180416,0.058266239,2026-10-07,0.0,0.5511111111111151,2.743741842162084,0.5059200627984562,43.479281054953304,2.695417789757403,12.354739407008086,6.0820367751060775,—,0,4,Stealth,52.3
US.SPCX261009C172500,SPCX,CALL,172.5,2026-10-09,1,167.6,171.92,0.8,0.82,0.81,0.81,2.94,29521.0,9343.0,648.0,3497327.0,62.063,0.227203803,0.048113951,-0.728370731,0.030453785,2026-10-07,-72.44897959183673,-2.5127966496044634,-14.289416327891209,3.159691747832602,7.4525589419206435,2.469135802469124,89.9223124691358,2.9236276849642038,0-1 DTE (skip),0,2,Fresh (vol>OI),25.1
US.QQQ261008C756000,QQQ,CALL,756.0,2026-10-08,0,757.73,759.66,3.26,3.32,3.29,3.29,5.7026,29473.0,2608.0,2209.0,8022921.0,24.668,0.627890301,0.066693651,-3.318321564,0.086962707,2026-10-07,-42.30701785150634,-0.254061027301681,37.133059392732584,11.300996932515337,553.6340852130326,1.8237082066869317,100.86083781155016,-0.2283135153682734,0-1 DTE (skip),0,5,"Fresh (vol>OI), OI added 554%, Near ATM",26.4
US.IWM261120P264000,IWM,PUT,264.0,2026-11-20,43,277.7,281.34,2.8,2.84,2.82,2.8,2.215,29313.0,47687.0,23480.0,8508691.0,22.088,-0.223128048,0.014176914,-0.066936726,0.285252669,2026-10-07,26.410835214446955,-1.2938082035970664,-7.234734479458107,0.6146958290519429,96.99673648118313,1.4184397163120581,2.373642765957447,-4.933381346777094,Short buildup,1,3,OI added 97%,54.8
US.QQQ261008C755000,QQQ,CALL,755.0,2026-10-08,0,757.73,759.66,3.93,4.01,3.97,3.98,6.4284,29285.0,2706.0,1161.0,8542620.0,24.941,0.690646592,0.061464256,-3.12293573,0.081025447,2026-10-07,-38.08723788189907,-0.254061027301681,31.228356240432536,10.822246858832225,75.14563106796116,2.0151133501259353,78.66336851385391,-0.3602866456389503,0-1 DTE (skip),0,5,"Fresh (vol>OI), OI added 75%, Near ATM",0.0
US.AMZN261016C260000,AMZN,CALL,260.0,2026-10-16,8,259.92,256.29,4.7,4.8,4.75,4.75,3.325,29265.0,38857.0,-545.0,9776969.0,29.859,0.514117566,0.034014599,-0.303383217,0.156505958,2026-10-07,42.85714285714285,1.4163642748449004,-4.146272107669102,0.753146151272615,-1.3831785188569108,2.1052631578947296,6.387015094736842,0.030778701138805816,Long unwinding,0,2,Near ATM,89.4
US.SPCX261009C167500,SPCX,CALL,167.5,2026-10-09,1,167.6,171.92,2.49,2.52,2.505,2.52,5.8379,29242.0,7880.0,697.0,7778431.0,60.653,0.515342702,0.065080155,-1.241094268,0.040259626,2026-10-07,-56.83379297350075,-2.5127966496044634,2.5604196824199814,3.7109137055837564,9.703466518167897,1.197604790419154,49.54468135728543,-0.05966587112171499,0-1 DTE (skip),0,3,"Fresh (vol>OI), Near ATM",57.6
US.AAPL261009C337500,AAPL,CALL,337.5,2026-10-09,1,336.67,333.63,2.02,2.23,2.125,2.1,1.415,28804.0,9430.0,-79.0,5577858.0,30.817,0.453934964,0.063393526,-1.254766225,0.080381962,2026-10-07,48.409893992932865,0.9111890417528461,39.56211550812655,3.054506892895016,-0.830791881375539,9.88235294117647,59.04782235294118,0.2465322125523462,0-1 DTE (skip),0,3,"Fresh (vol>OI), Near ATM",40.2
US.SPY261008C774000,SPY,CALL,774.0,2026-10-08,0,777.22,779.09,3.98,4.01,3.995,4.01,5.9977,28801.0,3935.0,2668.0,8151682.0,19.957,0.762538471,0.065741211,-2.257882634,0.072767837,2026-10-07,-33.14103739766911,-0.2400236172971036,28.279666785101014,7.319186785260483,210.5761641673244,0.7509386733416722,56.517712991239044,-0.4142971102133279,0-1 DTE (skip),0,5,"Fresh (vol>OI), OI added 211%, Near ATM",0.0
US.QQQ261008P753000,QQQ,PUT,753.0,2026-10-08,0,757.73,759.66,0.66,0.68,0.67,0.68,1.15,28485.0,4238.0,2894.0,5835041.0,25.482,-0.203203262,0.048244008,-2.46805218,0.064955411,2026-10-07,-40.8695652173913,-0.254061027301681,58.2608695652174,6.721330816422841,215.32738095238093,2.985074626865674,368.3659970149253,-0.624232906180304,0-1 DTE (skip),0,5,"Fresh (vol>OI), OI added 215%, Near ATM",0.0
US.TLT261009C78000,TLT,CALL,78.0,2026-10-09,1,77.145,77.28,0.08,0.09,0.085,0.1,0.135,28452.0,45494.0,5150.0,254725.0,19.456,0.174888072,0.283842183,-0.079874919,0.012012184,2026-10-07,-25.925925925925924,-0.17468944099379544,50.72948794074139,0.6254011518002374,12.765219115605792,11.764705882352935,93.97049294117646,1.1083025471514731,0-1 DTE (skip),0,2,Near ATM,6.5
US.SPCX261009C180000,SPCX,CALL,180.0,2026-10-09,1,167.6,171.92,0.13,0.14,0.135,0.13,0.815,28419.0,27473.0,1205.0,655347.0,69.736,0.047042897,0.01394756,-0.134717351,0.00992003,2026-10-07,-84.04907975460122,-2.5127966496044634,-42.58372195828225,1.034433807738507,4.587330592355718,7.407407407407414,99.79063037037037,7.398568019093083,0-1 DTE (skip),0,2,Fresh (vol>OI),15.2
US.QQQ261009C760000,QQQ,CALL,760.0,2026-10-09,1,757.73,759.66,2.43,2.45,2.44,2.44,4.2172,27504.0,15737.0,4234.0,5419744.0,18.473,0.404757454,0.045754218,-1.612787449,0.177649958,2026-10-07,-42.141705396945845,-0.254061027301681,14.625090942330923,1.7477282836627057,36.807789272363735,0.8196721311475417,66.09784627049181,0.29957900571443413,0-1 DTE (skip),0,4,"Fresh (vol>OI), Near ATM",58.4
US.IWM261120P268000,IWM,PUT,268.0,2026-11-20,43,277.7,281.34,3.64,3.7,3.67,3.72,2.885,27409.0,33488.0,159.0,10032664.0,21.277,-0.280395515,0.016648454,-0.071864417,0.32180472,2026-10-07,28.94280762564993,-1.2938082035970664,-3.943683105719098,0.8184722885809842,0.4770620180623481,1.6348773841961868,1.9581585013623979,-3.492978033849474,Short buildup,1,1,—,54.8
US.SPY261016P750000,SPY,PUT,750.0,2026-10-16,8,777.22,779.09,0.45,0.46,0.455,0.45,0.5078,27387.0,75078.0,1883.0,1822245.0,15.504,-0.057755728,0.006346545,-0.116878767,0.13559184,2026-10-07,-11.382434029145335,-0.2400236172971036,-9.634589279243848,0.3647806281467274,2.572580094268734,2.1978021978021998,25.6876410989011,-3.502225881989659,Short buildup,1,1,—,39.9
US.QQQ261008P749000,QQQ,PUT,749.0,2026-10-08,0,757.73,759.66,0.23,0.25,0.24,0.23,0.59,27017.0,10867.0,-2396.0,1916715.0,27.836,-0.08205414,0.023677424,-1.401252619,0.034825104,2026-10-07,-61.016949152542374,-0.254061027301681,37.28813559322034,2.486150731572651,-18.065294428108274,8.33333333333333,583.8552579166668,-1.1521254272630117,0-1 DTE (skip),0,3,"Fresh (vol>OI), Near ATM",0.0
US.SPY261030P765000,SPY,PUT,765.0,2026-10-30,22,777.22,779.09,4.66,4.69,4.675,4.68,4.435,26984.0,29703.0,25312.0,15342596.0,13.369,-0.286987626,0.013361853,-0.176577352,0.652669749,2026-10-07,5.524239007891773,-0.2400236172971036,-2.5950283792559516,0.9084604248729085,576.4518332953769,0.6417112299465294,3.777055657754011,-1.572270399629452,—,0,4,"OI added 576%, Near ATM",54.9
US.SPY261016C785000,SPY,CALL,785.0,2026-10-16,8,777.22,779.09,2.27,2.28,2.275,2.28,3.275,26942.0,40737.0,-5211.0,6023563.0,10.653,0.291759765,0.027429985,-0.286037532,0.402727907,2026-10-07,-30.381679389312982,-0.2400236172971036,-4.98844908244271,0.6613643616368412,-11.34108122225124,0.43956043956043017,12.573078329670329,1.0010035768508239,Long unwinding,0,2,Near ATM,56.5
US.AMZN261009C265000,AMZN,CALL,265.0,2026-10-09,1,259.92,256.29,0.73,0.76,0.745,0.76,0.485,26666.0,19454.0,5716.0,1286209.0,39.582,0.213694132,0.04696449,-0.678673537,0.045593695,2026-10-07,56.70103092783506,1.4163642748449004,36.693574812371324,1.3707206744114322,41.60722084728491,4.026845637583897,91.09711906040269,1.954447522314552,0-1 DTE (skip),0,4,"Fresh (vol>OI), Near ATM",21.9
US.NU261016C16000,NU,CALL,16.0,2026-10-16,8,15.58,15.66,0.21,0.26,0.235,0.25,0.31,25991.0,38981.0,17663.0,624275.0,42.709,0.357040457,0.371198161,-0.023666068,0.008777511,2026-10-07,-19.35483870967742,-0.5108556832694768,-2.506675948387089,0.6667607295862087,82.8548644338118,21.27659574468086,10.070667234042553,2.69576379974326,—,0,3,OI added 83%,49.9
US.SPY261030P740000,SPY,PUT,740.0,2026-10-30,22,777.22,779.09,1.58,1.6,1.59,1.59,1.5682,25964.0,106842.0,25041.0,5361504.0,16.654,-0.102406246,0.00558137,-0.119839597,0.342498152,2026-10-07,1.3901288101007552,-0.2400236172971036,-3.1794466917485296,0.24301304730349488,30.61209520666007,1.2578616352201268,7.537081572327044,-4.788862870229797,Short buildup,1,3,Stealth,49.9
US.RIOT261030C22000,RIOT,CALL,22.0,2026-10-30,22,18.54,18.93,0.43,0.46,0.445,0.44,0.58,25695.0,44794.0,17225.0,951243.0,80.695,0.22792745,0.081649908,-0.025508355,0.013851853,2026-10-07,-24.137931034482754,-2.0602218700475468,-4.413782672413765,0.5736259320444702,62.47959664840944,6.741573033707871,5.732214606741573,18.662351672060414,Short buildup,-1,3,OI added 62%,40.8
US.SPCX261120C220000,SPCX,CALL,220.0,2026-11-20,43,167.6,171.92,1.28,1.33,1.305,1.3,1.805,25490.0,32374.0,19943.0,3093517.0,55.084,0.094504259,0.00529083,-0.062922126,0.097256236,2026-10-07,-27.97783933518005,-2.5127966496044634,-1.8736551313019791,0.7873602273429295,160.42957123320733,3.8314176245210767,4.821618850574713,31.264916467780434,—,0,3,OI added 160%,47.5
US.IWM261009C280000,IWM,CALL,280.0,2026-10-09,1,277.7,281.34,0.58,0.59,0.585,0.58,2.53,25425.0,8285.0,3805.0,1789765.0,20.945,0.272573456,0.094390102,-0.49290773,0.055801265,2026-10-07,-77.07509881422925,-1.2938082035970664,-18.37647787193691,3.0687990343995173,84.93303571428571,1.7094017094017109,84.25773162393163,0.8282319049333855,0-1 DTE (skip),0,5,"Fresh (vol>OI), OI added 85%, Near ATM",26.6
US.QQQ261009P750000,QQQ,PUT,750.0,2026-10-09,1,757.73,759.66,0.9,0.93,0.915,0.91,1.23,25401.0,12694.0,1982.0,4665648.0,19.524,-0.18582667,0.029910763,-0.843194121,0.12260674,2026-10-07,-26.016260162601622,-0.254061027301681,13.377938853659288,2.0010241058767924,18.502613890963403,3.2786885245901667,92.15236295081966,-1.0201522969923347,0-1 DTE (skip),0,4,"Fresh (vol>OI), Near ATM",23.4
US.AAPL261009C345000,AAPL,CALL,345.0,2026-10-09,1,336.67,333.63,0.29,0.31,0.3,0.3,0.23,25001.0,18627.0,9429.0,785506.0,31.306,0.100472147,0.027731358,-0.295524692,0.035707704,2026-10-07,30.43478260869564,0.9111890417528461,26.125810921738218,1.3421914425296613,102.51141552511416,6.666666666666673,98.50823066666666,2.4742329283868427,0-1 DTE (skip),0,4,"Fresh (vol>OI), OI added 103%",16.7
US.AAPL261009C335000,AAPL,CALL,335.0,2026-10-09,1,336.67,333.63,3.15,3.55,3.35,3.55,2.3572,24852.0,11616.0,600.0,7518784.0,29.659,0.616043831,0.063485125,-1.13864031,0.077471091,2026-10-07,50.6024096385542,0.9111890417528461,19.458130992702664,2.1394628099173554,5.446623093681917,11.940298507462684,33.989262985074625,-0.4960346927258193,0-1 DTE (skip),0,3,"Fresh (vol>OI), Near ATM",42.1
US.SPCX261120C180000,SPCX,CALL,180.0,2026-11-20,43,167.6,171.92,7.25,7.4,7.325,7.3,9.225,24544.0,29459.0,18879.0,17722850.0,51.467,0.386831624,0.012873887,-0.137985365,0.221129324,2026-10-07,-20.867208672086722,-2.5127966496044634,-1.2563904533333623,0.833157948334974,178.44045368620039,2.047781569965875,1.8837592491467574,7.398568019093083,—,0,3,OI added 178%,84.0
US.HTZ261030C2500,HTZ,CALL,2.5,2026-10-30,22,2.07,2.06,0.12,0.14,0.13,0.14,0.13,24501.0,8630.0,-873.0,384846.0,131.88,0.341526675,0.543623504,-0.005654672,0.001879001,2026-10-07,7.692307692307699,0.4854368932038731,9.41492711538468,2.839049826187717,-9.186572661264863,15.384615384615397,4.349747692307693,20.772946859903392,Short covering,1,2,Fresh (vol>OI),54.9
US.IWM261009C285000,IWM,CALL,285.0,2026-10-09,1,277.7,281.34,0.06,0.07,0.065,0.07,0.455,24352.0,33571.0,8095.0,238912.0,23.959,0.040181604,0.021483874,-0.064888572,0.014534355,2026-10-07,-84.61538461538461,-1.2938082035970664,-38.20887680000012,0.7253879836763873,31.77500392526299,15.384615384615397,99.82857230769231,2.6287360460929103,0-1 DTE (skip),0,2,—,0.0
US.TSLA261009P370000,TSLA,PUT,370.0,2026-10-09,1,377.81,380.68,1.33,1.37,1.35,1.34,1.395,24327.0,8562.0,2139.0,4524392.0,46.162,-0.220703663,0.028230712,-1.205323809,0.067516923,2026-10-07,-3.9426523297490994,-0.7539140485447107,37.054071411469465,2.8412754029432374,33.30219523587109,2.9629629629629655,89.28324511111111,-2.067176623170377,0-1 DTE (skip),0,5,"Fresh (vol>OI), Stealth",24.1
US.IWM261014P255000,IWM,PUT,255.0,2026-10-14,6,277.7,281.34,0.05,0.06,0.055,0.06,0.0715,24188.0,24186.0,24183.0,145155.0,30.072,-0.013995264,0.003239189,-0.026133431,0.013074153,2026-10-07,-16.08391608391608,-1.2938082035970664,-50.78227966433542,1.0000826924667163,806100.0,18.181818181818173,47.515329090909084,-8.174288800864238,Short buildup,1,4,"Fresh (vol>OI), OI added 999%",0.0
US.XLU261016C42000,XLU,CALL,42.0,2026-10-16,8,41.15,41.16,0.14,0.2,0.17,0.2,0.205,24110.0,43482.0,5254.0,442960.0,18.571,0.250106599,0.275149338,-0.023391191,0.01975896,2026-10-07,-2.4390243902438913,-0.024295432458692933,10.1913448731705,0.5544823145209512,13.743852673433086,35.29411764705882,13.759524117647057,2.065613608748485,Long buildup,1,3,Stealth,16.2
US.IWM261008C280000,IWM,CALL,280.0,2026-10-08,0,277.7,281.34,0.24,0.26,0.25,0.25,2.2331,24003.0,6696.0,5842.0,1037727.0,29.031,0.187302797,0.110024872,-0.989941019,0.022643201,2026-10-07,-88.80480050154493,-1.2938082035970664,-13.943701577179821,3.5846774193548385,684.0749414519906,8.000000000000007,395.9764076,0.8282319049333855,0-1 DTE (skip),0,5,"Fresh (vol>OI), OI added 684%, Near ATM",0.0
US.SPY261008C783000,SPY,CALL,783.0,2026-10-08,0,777.22,779.09,0.14,0.15,0.145,0.14,0.845,23910.0,13061.0,11033.0,385998.0,17.012,0.079991542,0.037093175,-0.870550073,0.03497733,2026-10-07,-83.43195266272188,-0.2400236172971036,15.384615384615385,1.8306408391394227,544.0335305719922,6.896551724137918,600.3793606896552,0.7436761792027962,0-1 DTE (skip),0,5,"Fresh (vol>OI), OI added 544%, Near ATM",0.0
US.TLT261009C77500,TLT,CALL,77.5,2026-10-09,1,77.145,77.28,0.2,0.21,0.205,0.21,0.295,23789.0,25357.0,6460.0,398365.0,19.085,0.345900213,0.414157687,-0.153148289,0.017203504,2026-10-07,-28.8135593220339,-0.17468944099379544,38.93044669661077,0.9381630319044051,34.185320421230884,4.878048780487796,74.70648243902438,0.460172402618451,0-1 DTE (skip),0,3,Near ATM,50.2
US.SPY261009P777000,SPY,PUT,777.0,2026-10-09,1,777.22,779.09,2.06,2.07,2.065,2.07,1.865,23656.0,4624.0,2267.0,5835276.0,12.083,-0.469866143,0.070223834,-1.089989372,0.186890105,2026-10-07,10.991957104557633,-0.2400236172971036,22.32384367774786,5.115916955017301,96.18158676283412,0.48426150121064343,52.78398895883778,-0.028306013741286544,0-1 DTE (skip),0,5,"Fresh (vol>OI), OI added 96%, Near ATM",59.0
US.HTZ261016C2000,HTZ,CALL,2.0,2026-10-16,8,2.07,2.06,0.2,0.25,0.225,0.24,0.2295,23592.0,31363.0,10411.0,561957.0,152.875,0.605745317,0.805212429,-0.011506405,0.001203102,2026-10-07,4.575163398692802,0.4854368932038731,6.949434348583927,0.7522239581672672,49.6897670866743,22.222222222222214,5.113957777777777,-3.3816425120772875,Long buildup,1,4,Stealth,54.9
US.MSTR261009C160000,MSTR,CALL,160.0,2026-10-09,1,153.37,164.55,1.0,1.02,1.01,1.0,6.5228,23502.0,17916.0,826.0,3310383.0,88.144,0.221343471,0.036479012,-0.915959125,0.027455751,2026-10-07,-84.66916048322805,-6.794287450622914,-32.688735960323754,1.31178834561286,4.833235810415448,1.980198019801982,90.68902227722772,4.322879311468993,0-1 DTE (skip),0,2,Fresh (vol>OI),26.0
US.NVDA261016C240000,NVDA,CALL,240.0,2026-10-16,8,237.47,239.24,3.15,3.2,3.175,3.2,4.1,23160.0,63100.0,4994.0,7573959.0,29.444,0.422254121,0.037058535,-0.265937624,0.140349004,2026-10-07,-21.95121951219511,-0.7398428356462172,2.764083370000128,0.3670364500792393,8.594637386844733,1.574803149606308,8.375988157480315,1.0653977344506678,—,0,2,Near ATM,88.5
US.QQQ261008C759000,QQQ,CALL,759.0,2026-10-08,0,757.73,759.66,1.69,1.71,1.7,1.71,3.76,23086.0,4263.0,2978.0,3394341.0,24.376,0.418630462,0.069694306,-3.373003138,0.089806545,2026-10-07,-54.52127659574468,-0.254061027301681,45.21276595744681,5.415435139573071,231.75097276264594,1.176470588235295,198.41194929411765,0.16760587544375727,0-1 DTE (skip),0,5,"Fresh (vol>OI), OI added 232%, Near ATM",27.6
US.AAPL261009P335000,AAPL,PUT,335.0,2026-10-09,1,336.67,333.63,1.61,1.76,1.685,1.76,3.65,23026.0,7687.0,3427.0,4662731.0,30.324,-0.386441404,0.062240384,-1.132414643,0.077608739,2026-10-07,-51.78082191780822,0.9111890417528461,11.430041401644049,2.995446858332249,80.44600938967136,8.902077151335307,67.20561679525223,-0.4960346927258193,0-1 DTE (skip),0,5,"Fresh (vol>OI), OI added 80%, Near ATM",42.2
US.INTC261009C115000,INTC,CALL,115.0,2026-10-09,1,113.12,112.5,1.3,1.34,1.32,1.33,1.514,22974.0,32408.0,369.0,3748388.0,77.438,0.371885099,0.071644964,-0.950413053,0.025779519,2026-10-07,-12.153236459709376,0.5511111111111151,35.39262163936582,0.708899037274747,1.1517213396173414,3.030303030303033,72.00098886363637,1.661951909476658,0-1 DTE (skip),0,2,Near ATM,53.9
US.NFLX261009C69000,NFLX,CALL,69.0,2026-10-09,1,69.7,68.69,1.07,1.1,1.085,1.1,0.725,22971.0,8146.0,-2058.0,1742986.0,40.269,0.667826813,0.214682601,-0.28966467,0.015249452,2026-10-07,51.7241379310345,1.4703741447081162,-1.3572980868969964,2.8199116130616253,-20.168561348490787,2.7649769585253483,26.697204608294932,-1.0043041606886698,0-1 DTE (skip),0,3,"Fresh (vol>OI), Near ATM",37.8
US.UNG261120C10000,UNG,CALL,10.0,2026-11-20,43,11.03,10.74,1.36,1.41,1.385,1.35,1.186,22902.0,19517.0,-13347.0,3280793.0,49.592,0.755290005,0.16644941,-0.007604116,0.011955891,2026-10-07,13.82799325463745,2.7001862197392845,-3.9991556028667037,1.173438540759338,-40.61282862706913,3.610108303249085,0.5490336462093862,-9.338168631006342,Long unwinding,0,2,Fresh (vol>OI),52.2
US.SPY261008P724000,SPY,PUT,724.0,2026-10-08,0,777.22,779.09,0.0,0.01,0.01,0.01,0.0016,22632.0,8819.0,8581.0,49710.0,80.908,-0.001799877,0.000302236,-0.135053566,0.001358632,2026-10-07,524.9999999999999,-0.2400236172971036,0.0,2.566277355709264,3605.4621848739494,100.0,1350.53566,-6.8474820514140164,0-1 DTE (skip),0,4,"Fresh (vol>OI), OI added 999%",0.0
US.TLT261016C77000,TLT,CALL,77.0,2026-10-16,8,77.145,77.28,0.79,0.81,0.8,0.81,0.8962,22334.0,14242.0,9682.0,1511339.0,14.994,0.549727178,0.226488932,-0.047255981,0.046137353,2026-10-07,-9.618388752510594,-0.17468944099379544,3.935410625976664,1.568178626597388,212.3245614035088,2.500000000000002,5.906997625000001,-0.1879577419145713,Long buildup,1,5,"Fresh (vol>OI), OI added 212%, Near ATM",89.1
US.SPY261009P776000,SPY,PUT,776.0,2026-10-09,1,777.22,779.09,1.67,1.68,1.675,1.68,1.565,22292.0,5785.0,3177.0,5571502.0,12.346,-0.402443622,0.066792395,-1.063500442,0.181789966,2026-10-07,7.348242811501597,-0.2400236172971036,27.21602995910531,3.8534140017286083,121.81748466257669,0.5970149253731348,63.49256370149254,-0.15696971256530032,0-1 DTE (skip),0,5,"Fresh (vol>OI), OI added 122%, Near ATM",58.8
US.SMH261016P475000,SMH,PUT,475.0,2026-10-16,8,625.03,632.5,0.05,0.1,0.075,0.09,0.0792,21901.0,26625.0,15864.0,217768.0,69.172,-0.003620522,0.000165715,-0.035079092,0.010241911,2026-10-07,13.63636363636362,-1.181027667984194,23.780041237373613,0.8225727699530516,147.42124337886813,66.66666666666667,46.77212266666667,-24.0036478249044,Long buildup,-1,3,OI added 147%,0.0
US.PLTR261009C200000,PLTR,CALL,200.0,2026-10-09,1,194.12,192.07,0.68,0.69,0.685,0.68,0.69,21697.0,14038.0,137.0,1378073.0,55.778,0.192990904,0.041996064,-0.637074912,0.032041086,2026-10-07,-1.449275362318826,1.0673192065392885,33.54254475362289,1.5455905399629577,0.98554060858931,1.4598540145985253,93.00363678832116,3.0290541932825032,0-1 DTE (skip),0,4,"Fresh (vol>OI), Stealth",27.1
US.SPY261009C778000,SPY,CALL,778.0,2026-10-09,1,777.22,779.09,2.23,2.25,2.24,2.25,3.6091,21665.0,9249.0,2769.0,4355687.0,13.425,0.46506296,0.062961279,-1.281285128,0.186833387,2026-10-07,-37.657587764262566,-0.2400236172971036,21.940452278961573,2.342415396259055,42.73148148148148,0.8928571428571435,57.20022892857142,0.10035768508272726,0-1 DTE (skip),0,4,"Fresh (vol>OI), Near ATM",58.2
US.SPY261120P740000,SPY,PUT,740.0,2026-11-20,43,777.22,779.09,4.3,4.33,4.315,4.3,4.105,21564.0,39978.0,-11365.0,10564890.0,16.92,-0.17267895,0.005663463,-0.120962201,0.682729558,2026-10-07,4.750304506699132,-0.2400236172971036,-0.16924325213156552,0.5393966681674921,-22.13544202715073,0.6952491309385921,2.80329550405562,-4.788862870229797,—,0,3,Stealth,55.8
US.SPY261014C790000,SPY,CALL,790.0,2026-10-14,6,777.22,779.09,0.55,0.56,0.555,0.56,1.075,21556.0,79843.0,8628.0,1009475.0,9.749,0.114717456,0.019407733,-0.157016863,0.197647966,2026-10-07,-47.90697674418604,-0.2400236172971036,-13.345255281860414,0.2699798354270255,12.115425121112125,1.8018018018018032,28.291326666666667,1.6443220709708928,Short buildup,-1,1,Near ATM,38.1
US.IWM261016C285000,IWM,CALL,285.0,2026-10-16,8,277.7,281.34,0.7,0.72,0.71,0.72,1.735,21554.0,51428.0,11345.0,1646181.0,17.576,0.179670971,0.035520521,-0.121136217,0.10992091,2026-10-07,-58.501440922190206,-1.2938082035970664,-13.824867352161538,0.4191102123356926,28.303769677918318,2.8169014084507067,17.06143901408451,2.6287360460929103,Short buildup,-1,2,—,47.3
US.QQQ261008P752000,QQQ,PUT,752.0,2026-10-08,0,757.73,759.66,0.5,0.52,0.51,0.52,0.98,21523.0,5069.0,3141.0,4174804.0,25.878,-0.161837293,0.041201574,-2.158655879,0.056331046,2026-10-07,-46.93877551020408,-0.254061027301681,52.04081632653062,4.246005129216808,162.9149377593361,3.921568627450984,423.26585862745094,-0.756206036450981,0-1 DTE (skip),0,5,"Fresh (vol>OI), OI added 163%, Near ATM",0.0
US.QQQ261008P758000,QQQ,PUT,758.0,2026-10-08,0,757.73,759.66,2.27,2.32,2.295,2.27,2.53,21480.0,6006.0,4221.0,6071711.0,24.058,-0.511137409,0.07212793,-3.329198684,0.09167967,2026-10-07,-10.276679841897225,-0.254061027301681,82.3202958351789,3.5764235764235766,236.47058823529412,2.1786492374727593,145.0631234858388,0.035632745173080356,0-1 DTE (skip),0,5,"Fresh (vol>OI), OI added 236%, Near ATM",25.6
US.NU261016C17000,NU,CALL,17.0,2026-10-16,8,15.58,15.66,0.04,0.07,0.055,0.05,0.08,21178.0,33582.0,20552.0,85241.0,45.325,0.109911096,0.17620128,-0.011944162,0.004421083,2026-10-07,-37.5,-0.5108556832694768,-11.57868789999998,0.6306354594723363,157.72831926323866,54.545454545454554,21.71665818181818,9.114249037227214,Short buildup,-1,3,OI added 158%,8.3
US.QQQ261023P730000,QQQ,PUT,730.0,2026-10-23,15,757.73,759.66,2.7,2.76,2.73,2.69,2.775,21021.0,22173.0,19653.0,7465164.0,19.828,-0.164217937,0.00804595,-0.237005779,0.383783659,2026-10-07,-3.063063063063062,-0.254061027301681,-5.943597816576284,0.9480449194966851,779.8809523809524,2.1978021978021833,8.681530366300366,-3.659614902405872,Short buildup,1,5,"OI added 780%, Stealth",56.9
US.SKYD261016C9500,SKYD,CALL,9.5,2026-10-16,8,8.89,9.53,0.18,0.23,0.205,0.18,0.5,21013.0,27711.0,20580.0,461699.0,79.934,0.314899369,0.330949702,-0.023665885,0.004768786,2026-10-07,-64.0,-6.715634837355706,-18.95970376800008,0.7582909313990834,288.5990744636096,24.390243902439035,11.544334146341464,6.861642294713153,Short buildup,-1,3,OI added 289%,48.5
US.SPY261009P770000,SPY,PUT,770.0,2026-10-09,1,777.22,779.09,0.48,0.49,0.485,0.49,0.555,20833.0,14461.0,-464.0,2031506.0,14.624,-0.13828419,0.032109175,-0.465124153,0.103572314,2026-10-07,-11.711711711711722,-0.2400236172971036,25.501390576576448,1.4406334278403983,-3.1088777219430486,2.061855670103095,95.90188721649484,-0.928951905509383,0-1 DTE (skip),0,3,"Fresh (vol>OI), Near ATM",25.9
US.SPY261008P730000,SPY,PUT,730.0,2026-10-08,0,777.22,779.09,0.01,0.02,0.015,0.01,0.0064,20812.0,7660.0,5852.0,43948.0,75.156,-0.002803559,0.000486131,-0.191173598,0.002029649,2026-10-07,56.25,-0.2400236172971036,0.0,2.716971279373368,323.6725663716814,66.66666666666667,1274.4906533333333,-6.075499858469935,0-1 DTE (skip),0,4,"Fresh (vol>OI), OI added 324%",0.0
US.IWM261016C289000,IWM,CALL,289.0,2026-10-16,8,277.7,281.34,0.26,0.28,0.27,0.27,0.725,20770.0,47718.0,17695.0,642712.0,17.999,0.079739545,0.019625611,-0.066894276,0.062193998,2026-10-07,-62.75862068965517,-1.2938082035970664,-13.497073131034623,0.43526551825307014,58.9381474203111,7.407407407407414,24.775657777777777,4.0691393590205305,Short buildup,-1,3,OI added 59%,30.4
US.IBIT261016C50000,IBIT,CALL,50.0,2026-10-16,8,47.21,48.49,0.24,0.25,0.245,0.24,0.515,20751.0,73787.0,7040.0,458506.0,37.941,0.172943512,0.09443865,-0.042364315,0.018263714,2026-10-07,-53.398058252427184,-2.6397195297999607,-2.187959153398021,0.2812284006667841,10.547290514929509,4.081632653061228,17.29155714285714,5.909764880321964,—,0,0,—,44.5
US.FIGS261120P15000,FIGS,PUT,15.0,2026-11-20,43,14.06,14.1,1.85,2.2,2.025,2.25,1.771,20707.0,20468.0,20466.0,3923080.0,77.835,-0.537289831,0.105955446,-0.016480649,0.01923632,2026-10-07,27.046866177300966,-0.2836879432624053,26.763921838509354,1.0116767637287474,1023300.0,17.283950617283956,0.8138592098765431,6.685633001422471,Long buildup,-1,4,"Fresh (vol>OI), OI added 999%",54.6
US.SPY261008P771000,SPY,PUT,771.0,2026-10-08,0,777.22,779.09,0.22,0.23,0.225,0.23,0.365,20512.0,5206.0,2711.0,1293303.0,20.853,-0.097069205,0.03495696,-1.22763148,0.040414827,2026-10-07,-36.986301369863014,-0.2400236172971036,60.273972602739725,3.940069150979639,108.65731462925852,4.444444444444448,545.6139911111111,-0.8002882066853692,0-1 DTE (skip),0,5,"Fresh (vol>OI), OI added 109%, Near ATM",0.0
US.SMH261009P460000,SMH,PUT,460.0,2026-10-09,1,625.03,632.5,0.01,0.06,0.035,0.03,0.0001,20267.0,18007.0,-13918.0,21436.0,176.952,-0.001757806,8.4278e-05,-0.034999774,0.002131986,2026-10-07,29900.0,-1.181027667984194,19999.999999999996,1.1255067473760205,-43.59592795614722,142.85714285714283,99.99935428571428,-26.403532630433734,0-1 DTE (skip),0,2,Fresh (vol>OI),0.0
US.STLA261030P4500,STLA,PUT,4.5,2026-10-30,22,4.61,4.61,0.2,0.25,0.225,0.23,0.2,20170.0,20277.0,20029.0,463939.0,62.645,-0.402406532,0.54282028,-0.006056438,0.004410127,2026-10-07,15.0,0.0,18.028218999999996,0.994723085269024,8076.209677419355,22.222222222222214,2.6917502222222223,-2.386117136659443,Long buildup,-1,3,OI added 999%,47.3
US.EEM261009C69000,EEM,CALL,69.0,2026-10-09,1,67.37,68.27,0.01,0.05,0.03,0.04,0.255,20069.0,20506.0,19826.0,80282.0,26.128,0.064959212,0.119051376,-0.029827096,0.00516104,2026-10-07,-84.31372549019608,-1.3182950051266904,-49.69004439215708,0.9786891641470788,2915.5882352941176,133.33333333333334,99.42365333333333,2.4194745435653786,0-1 DTE (skip),0,3,OI added 999%,0.0
US.IWM261015P250000,IWM,PUT,250.0,2026-10-15,7,277.7,281.34,0.05,0.06,0.055,0.05,0.065,20024.0,20014.0,19850.0,100192.0,33.474,-0.011874348,0.002345937,-0.023801135,0.012204167,2026-10-07,-23.076923076923077,-1.2938082035970664,-52.956141107692055,1.0004996502448287,12103.658536585366,18.181818181818173,43.27479090909091,-9.974792942023763,Short buildup,1,4,"Fresh (vol>OI), OI added 999%",0.0
US.TSLA261009C375000,TSLA,CALL,375.0,2026-10-09,1,377.81,380.68,5.7,5.85,5.775,5.81,8.4757,20009.0,10817.0,2359.0,10383934.0,46.3,0.612794376,0.036327171,-1.990186725,0.087160367,2026-10-07,-31.451089585520965,-0.7539140485447107,12.78014304564818,1.8497735046685773,27.890754315441,2.597402597402588,34.46210779220779,-0.743760091051058,0-1 DTE (skip),0,4,"Fresh (vol>OI), Near ATM",60.3
US.INTC261009C114000,INTC,CALL,114.0,2026-10-09,1,113.12,112.5,1.67,1.72,1.695,1.69,1.86,19701.0,7697.0,6204.0,3784126.0,76.888,0.443920423,0.075363593,-1.034808874,0.026925197,2026-10-07,-9.139784946236567,0.5511111111111151,31.697753319354717,2.5595686631154995,415.5391828533155,2.949852507374634,61.05067103244838,0.7779349363507739,0-1 DTE (skip),0,5,"Fresh (vol>OI), OI added 416%, Near ATM",54.1
US.SPY261009P715000,SPY,PUT,715.0,2026-10-09,1,777.22,779.09,0.01,0.02,0.015,0.01,0.011,19696.0,20233.0,17223.0,38126.0,48.838,-0.002199676,0.000300898,-0.014999655,0.003258421,2026-10-07,-9.090909090909085,-0.2400236172971036,0.0,0.9734592003163149,572.1926910299003,66.66666666666667,99.99770000000001,-8.005455340830142,0-1 DTE (skip),0,3,OI added 572%,0.0
US.IGV261120C120000,IGV,CALL,120.0,2026-11-20,43,109.84,111.16,1.44,1.57,1.505,1.57,1.845,19612.0,13940.0,-5872.0,2896570.0,30.955,0.231944851,0.02603064,-0.043837133,0.11547681,2026-10-07,-14.90514905149051,-1.1874775098956398,4.0652756813007365,1.4068866571018652,-29.638602866949327,8.637873754152832,2.912766312292359,9.249817916970136,Short covering,1,2,Fresh (vol>OI),39.8
US.QQQ261008C754000,QQQ,CALL,754.0,2026-10-08,0,757.73,759.66,4.63,4.83,4.73,4.71,7.1889,19578.0,1684.0,1304.0,6455160.0,25.513,0.74470724,0.054773743,-2.906087899,0.073852709,2026-10-07,-34.48232692066937,-0.254061027301681,25.935440362224572,11.625890736342043,343.1578947368421,4.228329809725162,61.43949046511628,-0.49225977590962716,0-1 DTE (skip),0,5,"Fresh (vol>OI), OI added 343%, Near ATM",0.0
US.SPY261009P710000,SPY,PUT,710.0,2026-10-09,1,777.22,779.09,0.01,0.02,0.015,0.02,0.0047,19551.0,20337.0,18007.0,39848.0,52.552,-0.002054531,0.000262851,-0.014999687,0.003061944,2026-10-07,325.531914893617,-0.2400236172971036,212.7659574468085,0.9613512317450952,772.8326180257511,66.66666666666667,99.99791333333333,-8.64877383495021,0-1 DTE (skip),0,3,OI added 773%,0.0
US.EWZ261120C49000,EWZ,CALL,49.0,2026-11-20,43,42.37,43.0,0.24,0.37,0.305,0.28,0.36,19423.0,61444.0,-16597.0,671140.0,33.725,0.129613555,0.042734331,-0.012533624,0.030912512,2026-10-07,-22.222222222222214,-1.4651162790697734,3.9417121250001013,0.316108977280125,-21.267026306684947,42.622950819672134,4.109384918032787,15.64786405475573,Short covering,1,1,—,15.9
US.SPY261120P739000,SPY,PUT,739.0,2026-11-20,43,777.22,779.09,4.19,4.21,4.2,4.2,4.0,19373.0,16970.0,15921.0,8155944.0,17.023,-0.168173174,0.005533358,-0.119827226,0.67129224,2026-10-07,5.000000000000004,-0.2400236172971036,0.13358476549998333,1.1416028285209192,1517.7311725452812,0.476190476190466,2.85302919047619,-4.91752656905381,—,0,4,"Fresh (vol>OI), OI added 999%",56.2
US.SPY261009P774000,SPY,PUT,774.0,2026-10-09,1,777.22,779.09,1.09,1.11,1.1,1.09,1.1,19303.0,7588.0,2719.0,4132145.0,13.016,-0.286736121,0.055689751,-0.886063462,0.159884794,2026-10-07,-0.9090909090909097,-0.2400236172971036,30.89699233909078,2.54388508170796,55.84308892996509,1.8181818181818195,80.55122381818181,-0.4142971102133279,0-1 DTE (skip),0,5,"Fresh (vol>OI), OI added 56%, Near ATM",26.4
US.TSLA261009C377500,TSLA,CALL,377.5,2026-10-09,1,377.81,380.68,4.3,4.4,4.35,4.45,6.8496,19285.0,6493.0,-260.0,7920545.0,45.894,0.51938761,0.038140193,-2.120827855,0.090709048,2026-10-07,-35.03270263957019,-0.7539140485447107,17.692570306295295,2.9701216694902204,-3.8501406782170884,2.298850574712656,48.75466333333334,-0.08205182499139839,0-1 DTE (skip),0,3,"Fresh (vol>OI), Near ATM",55.4
US.TSLA261009P377500,TSLA,PUT,377.5,2026-10-09,1,377.81,380.68,3.9,4.05,3.975,3.95,3.5,19227.0,5854.0,2987.0,8986118.0,45.754,-0.480715607,0.038274115,-2.075002471,0.090701884,2026-10-07,12.857142857142861,-0.7539140485447107,32.72424796885709,3.284420908780321,104.18555981862573,3.773584905660375,52.20132002515723,-0.08205182499139839,0-1 DTE (skip),0,5,"Fresh (vol>OI), OI added 104%, Near ATM",52.5
US.MSTR261009C175000,MSTR,CALL,175.0,2026-10-09,1,153.37,164.55,0.06,0.11,0.085,0.09,1.075,19226.0,17594.0,-3626.0,276930.0,108.097,0.023242306,0.005503412,-0.0849743,0.005080206,2026-10-07,-91.62790697674419,-6.794287450622914,-59.55132269023253,1.0927588950778675,-17.08765315739868,58.82352941176471,99.96976470588234,14.10314924691921,0-1 DTE (skip),0,2,Fresh (vol>OI),0.0
US.INTC261009C120000,INTC,CALL,120.0,2026-10-09,1,113.12,112.5,0.31,0.33,0.32,0.33,0.475,19102.0,19664.0,5265.0,890986.0,81.399,0.119740228,0.035996886,-0.312918229,0.013614404,2026-10-07,-30.526315789473678,0.5511111111111151,19.721955292631474,0.971419853539463,36.56503923883603,6.250000000000005,97.78694656249999,6.0820367751060775,0-1 DTE (skip),0,2,—,17.5
US.SMH261030P555000,SMH,PUT,555.0,2026-10-30,22,625.03,632.5,2.35,2.77,2.56,2.5,1.9713,19059.0,28026.0,17970.0,5041551.0,37.902,-0.090481512,0.002782771,-0.20674107,0.251925043,2026-10-07,26.819865063663567,-1.181027667984194,3.020553713792799,0.6800470991222436,178.69928400954655,16.406249999999996,8.075823046875,-11.204262195414616,Long buildup,-1,3,OI added 179%,19.1
US.SKYD261120C9000,SKYD,CALL,9.0,2026-11-20,43,8.89,9.53,0.72,0.89,0.805,0.74,1.2217,18910.0,18085.0,17752.0,1211672.0,68.51,0.534094848,0.189333229,-0.010098339,0.012180226,2026-10-07,-39.42866497503479,-6.715634837355706,-10.622980951133723,1.0456179153995024,5330.930930930931,21.118012422360252,1.254452049689441,1.2373453318335144,Short buildup,-1,5,"Fresh (vol>OI), OI added 999%, Near ATM",48.7
US.AMZN261009C257500,AMZN,CALL,257.5,2026-10-09,1,259.92,256.29,3.75,3.95,3.85,3.92,2.33,18802.0,11663.0,-2555.0,4361647.0,39.021,0.661142418,0.059875488,-1.062600015,0.057310382,2026-10-07,68.24034334763948,1.4163642748449004,10.843478011158913,1.612106662093801,-17.970178646785765,5.194805194805199,27.600000389610386,-0.9310557094490672,0-1 DTE (skip),0,3,"Fresh (vol>OI), Near ATM",32.0
US.AMC261023P2500,AMC,PUT,2.5,2026-10-23,15,2.88,2.95,0.03,0.05,0.04,0.03,0.045,18793.0,11651.0,-7172.0,55072.0,75.688,-0.158684824,0.54188654,-0.003486869,0.001427793,2026-10-07,-33.33333333333333,-2.3728813559322126,-50.269041511111226,1.6129945927388207,-38.10232162779578,50.000000000000014,8.7171725,-13.194444444444443,Long unwinding,0,2,Fresh (vol>OI),21.3
US.AAPL261009C342500,AAPL,CALL,342.5,2026-10-09,1,336.67,333.63,0.6,0.64,0.62,0.59,0.425,18728.0,8414.0,1829.0,1129563.0,30.936,0.182943196,0.042242008,-0.581196849,0.053752229,2026-10-07,38.8235294117647,0.9111890417528461,44.717537214116774,2.2258141193249346,27.77524677296887,6.451612903225811,93.74142725806452,1.7316660231086773,0-1 DTE (skip),0,4,"Fresh (vol>OI), Near ATM",17.1
US.HTZ261009C2500,HTZ,CALL,2.5,2026-10-09,1,2.07,2.06,0.02,0.03,0.025,0.03,0.045,18545.0,14116.0,5116.0,86058.0,278.766,0.149472922,0.668891532,-0.024239117,0.000290098,2026-10-07,-33.33333333333333,0.4854368932038731,17.209750622222295,1.3137574383678097,56.84444444444444,39.99999999999999,96.956468,20.772946859903392,0-1 DTE (skip),0,4,"Fresh (vol>OI), OI added 57%",0.0
US.TSLA261009C385000,TSLA,CALL,385.0,2026-10-09,1,377.81,380.68,1.61,1.65,1.63,1.65,3.4,18542.0,11441.0,2615.0,3294797.0,46.751,0.257802486,0.030344167,-1.411709096,0.07350954,2026-10-07,-51.47058823529412,-0.7539140485447107,11.811830318235334,1.6206625294991697,29.62837072286427,2.453987730061338,86.60792000000001,1.9030729731875806,0-1 DTE (skip),0,4,"Fresh (vol>OI), Near ATM",25.1
US.XLF261120P56000,XLF,PUT,56.0,2026-11-20,43,53.75,54.01,2.36,2.62,2.49,2.76,2.3097,18504.0,65401.0,10000.0,5107036.0,16.011,-0.758851025,0.123305315,-0.007598789,0.056050519,2026-10-07,19.4960384465515,-0.48139233475281995,11.282743321643576,0.2829314536474977,18.050215700077615,10.4417670682731,0.3051722489959839,4.186046511627907,Long buildup,-1,1,—,38.8
US.SPY261008P736000,SPY,PUT,736.0,2026-10-08,0,777.22,779.09,0.01,0.02,0.015,0.02,0.0166,18331.0,5789.0,5135.0,38044.0,66.251,-0.003150862,0.000612672,-0.188158473,0.002255355,2026-10-07,20.481927710843376,-0.2400236172971036,60.24096385542169,3.1665227154949043,785.1681957186545,66.66666666666667,1254.3898199999999,-5.303517665525852,0-1 DTE (skip),0,4,"Fresh (vol>OI), OI added 785%",0.0
US.TSLA261009C390000,TSLA,CALL,390.0,2026-10-09,1,377.81,380.68,0.78,0.8,0.79,0.78,1.97,18305.0,15671.0,2217.0,1737070.0,48.35,0.142171737,0.02043432,-0.762791627,0.051191827,2026-10-07,-60.40609137055838,-0.7539140485447107,-0.9733750157360068,1.168081169038351,16.478370744759925,2.531645569620255,96.55590215189874,3.2264895053068994,0-1 DTE (skip),0,3,Fresh (vol>OI),24.9
US.NVDA261009C235000,NVDA,CALL,235.0,2026-10-09,1,237.47,239.24,3.6,3.7,3.65,3.67,5.2576,18285.0,32009.0,1605.0,6570628.0,38.265,0.681217009,0.065205091,-0.90973794,0.051087921,2026-10-07,-30.196287279367013,-0.7398428356462172,10.040551695260318,0.571245587178606,5.278910669648731,2.739726027397263,24.92432712328767,-1.0401313850170544,0-1 DTE (skip),0,2,Near ATM,39.6
US.BULL261009P5500,BULL,PUT,5.5,2026-10-09,1,5.89,7.28,0.06,0.07,0.065,0.06,0.0001,18225.0,7947.0,7891.0,201013.0,148.688,-0.208710569,0.544122806,-0.058307501,0.001019138,2026-10-07,59899.999999999985,-19.093406593406602,-171900.18991000016,2.293318233295583,14091.071428571428,15.384615384615397,89.70384769230768,-6.621392190152796,0-1 DTE (skip),0,4,"Fresh (vol>OI), OI added 999%",0.0
US.SPY261008P744000,SPY,PUT,744.0,2026-10-08,0,777.22,779.09,0.01,0.02,0.015,0.02,0.0306,18171.0,7861.0,7230.0,39104.0,54.324,-0.003784634,0.000880896,-0.18332597,0.00266004,2026-10-07,-34.640522875816984,-0.2400236172971036,32.6797385620915,2.3115379722681593,1145.8003169572107,66.66666666666667,1222.1731333333335,-4.274208074933742,0-1 DTE (skip),0,4,"Fresh (vol>OI), OI added 999%",0.0
US.NVDA261009P232500,NVDA,PUT,232.5,2026-10-09,1,237.47,239.24,0.58,0.6,0.59,0.58,0.545,18170.0,13158.0,2467.0,1195656.0,40.091,-0.185862513,0.046666233,-0.546690867,0.038298577,2026-10-07,6.422018348623839,-0.7398428356462172,46.369581466054676,1.3809089527283782,23.07548405200636,3.3898305084745797,92.65946898305086,-2.0928959447509157,0-1 DTE (skip),0,3,Fresh (vol>OI),23.2
US.NVDA261012C240000,NVDA,CALL,240.0,2026-10-12,4,237.47,239.24,1.58,1.6,1.59,1.6,2.595,18155.0,7043.0,-95.0,3023811.0,25.317,0.361661114,0.057253509,-0.307737968,0.096855597,2026-10-07,-38.34296724470135,-0.7398428356462172,-1.8158712994218233,2.57773675990345,-1.3309050154104791,1.2578616352201268,19.354589182389933,1.0653977344506678,—,0,3,"Fresh (vol>OI), Near ATM",78.1
US.KRE261120P67000,KRE,PUT,67.0,2026-11-20,43,68.89,70.07,1.05,1.76,1.405,1.67,1.196,18150.0,47406.0,17132.0,3011079.0,25.432,-0.33539502,0.060704678,-0.023253174,0.086518222,2026-10-07,39.63210702341137,-1.6840302554588165,8.485539331103869,0.38286292874319705,56.589813040893176,50.533807829181484,1.655030177935943,-2.743504137030049,Long buildup,-1,3,OI added 57%,48.3
US.AMZN261009C262500,AMZN,CALL,262.5,2026-10-09,1,259.92,256.29,1.36,1.4,1.38,1.36,0.845,18147.0,11358.0,688.0,1892983.0,38.923,0.34333592,0.060327346,-1.044442481,0.057597402,2026-10-07,60.94674556213019,1.4163642748449004,37.057170579881856,1.5977284733227681,6.447985004686036,2.898550724637668,75.68423775362318,0.992613111726679,0-1 DTE (skip),0,3,"Fresh (vol>OI), Near ATM",54.2
US.QQQ261008C762000,QQQ,CALL,762.0,2026-10-08,0,757.73,759.66,0.72,0.74,0.73,0.72,2.265,18109.0,6249.0,5295.0,1067022.0,24.135,0.227763724,0.054420458,-2.538225941,0.069405396,2026-10-07,-68.21192052980133,-0.254061027301681,31.346578366445915,2.897903664586334,555.0314465408806,2.739726027397263,347.7021836986301,0.5635252662557879,0-1 DTE (skip),0,5,"Fresh (vol>OI), OI added 555%, Near ATM",0.0
US.EWZ261016C40000,EWZ,CALL,40.0,2026-10-16,8,42.37,43.0,2.45,3.0,2.725,2.63,3.1644,17956.0,127765.0,-14737.0,5793989.0,39.823,0.85275161,0.090059454,-0.038873518,0.014783772,2026-10-07,-16.887877638730885,-1.4651162790697734,1.3180075938567168,0.1405392713184362,-10.341609240572062,20.183486238532105,1.4265511192660552,-5.59358036346471,—,0,0,—,28.6
US.TSLA261009C382500,TSLA,CALL,382.5,2026-10-09,1,377.81,380.68,2.28,2.35,2.315,2.31,4.4,17844.0,12197.0,1876.0,4280630.0,46.355,0.33626187,0.034574608,-1.776326489,0.083051883,2026-10-07,-47.5,-0.7539140485447107,14.804501270454573,1.4629827006640976,18.176533281658756,3.0237580993520643,76.73116583153347,1.2413647071279208,0-1 DTE (skip),0,4,"Fresh (vol>OI), Near ATM",54.0
US.AMZN261009C255000,AMZN,CALL,255.0,2026-10-09,1,259.92,256.29,5.55,5.95,5.75,5.83,3.55,17811.0,7650.0,-354.0,5996068.0,41.025,0.785564508,0.045404918,-0.741280088,0.045686535,2026-10-07,64.22535211267608,1.4163642748449004,4.7797443369015,2.328235294117647,-4.422788605697151,6.956521739130441,12.891827617391305,-1.8928901200369403,0-1 DTE (skip),0,3,"Fresh (vol>OI), Near ATM",43.2
US.MARA261009C11000,MARA,CALL,11.0,2026-10-09,1,10.36,10.97,0.07,0.08,0.075,0.07,0.315,17735.0,18455.0,6285.0,140297.0,112.473,0.198080689,0.396422402,-0.069680569,0.001737446,2026-10-07,-77.77777777777779,-5.560619872379227,-17.298479590476106,0.9609861826063397,51.643385373870174,13.333333333333327,92.90742533333334,6.177606177606183,0-1 DTE (skip),0,3,OI added 52%,3.3
US.NVDA261009P230000,NVDA,PUT,230.0,2026-10-09,1,237.47,239.24,0.29,0.31,0.3,0.29,0.33,17631.0,34418.0,-741.0,595784.0,42.476,-0.102594998,0.029418076,-0.294465971,0.025580179,2026-10-07,-12.121212121212132,-0.7398428356462172,22.082674103029966,0.5122610262072171,-2.107568474643761,6.666666666666673,98.15532366666667,-3.145660504484776,0-1 DTE (skip),0,1,—,16.7
US.GOOGL261009C350000,GOOGL,CALL,350.0,2026-10-09,1,350.5,347.68,3.8,4.0,3.9,4.0,3.0,17519.0,13302.0,1598.0,4457473.0,42.977,0.529304303,0.043827576,-1.838793423,0.084038872,2026-10-07,33.33333333333333,0.8110906580763901,44.87184295133346,1.3170199969929335,13.653451811346548,5.128205128205133,47.14854930769231,-0.14265335235378032,0-1 DTE (skip),0,3,"Fresh (vol>OI), Near ATM",49.7
US.MARA261009C10500,MARA,CALL,10.5,2026-10-09,1,10.36,10.97,0.21,0.22,0.215,0.21,0.6019,17484.0,8458.0,7195.0,329338.0,111.229,0.434607057,0.566811084,-0.135596591,0.002456842,2026-10-07,-65.1104834690148,-5.560619872379227,1.4631825502576037,2.0671553558760936,569.6753760886778,4.651162790697678,63.06818186046511,1.351351351351357,0-1 DTE (skip),0,5,"Fresh (vol>OI), OI added 570%, Near ATM",50.7
US.EWZ261120C40000,EWZ,CALL,40.0,2026-11-20,43,42.37,43.0,3.75,4.1,3.925,3.92,4.171,17409.0,148562.0,-3132.0,6914909.0,41.564,0.700331822,0.057079768,-0.027263458,0.050900698,2026-10-07,-6.0177415487892665,-1.4651162790697734,5.2139176662671245,0.11718339817719202,-2.064682848365789,8.91719745222929,0.6946103949044586,-5.59358036346471,Short covering,1,0,—,41.5
US.QQQ261009C755000,QQQ,CALL,755.0,2026-10-09,1,757.73,759.66,5.17,5.26,5.215,5.27,7.2236,17299.0,5050.0,515.0,6814447.0,19.581,0.629450883,0.042076351,-1.665188536,0.173164323,2026-10-07,-27.04468685973754,-0.254061027301681,12.825028243396194,3.4255445544554455,11.356119073869902,1.7257909875359512,31.93074853307766,-0.3602866456389503,0-1 DTE (skip),0,3,"Fresh (vol>OI), Near ATM",64.6
US.TSLA261009C400000,TSLA,CALL,400.0,2026-10-09,1,377.81,380.68,0.2,0.21,0.205,0.21,0.61,17259.0,23756.0,1995.0,414945.0,54.016,0.041552331,0.007227831,-0.204683719,0.020232546,2026-10-07,-65.57377049180329,-0.7539140485447107,-12.469031316393416,0.7265111971712409,9.167777216120584,4.878048780487796,99.84571658536585,5.873322569545538,0-1 DTE (skip),0,1,—,20.2
US.NVDA261009C250000,NVDA,CALL,250.0,2026-10-09,1,237.47,239.24,0.05,0.06,0.055,0.05,0.135,17105.0,28003.0,2133.0,110075.0,42.793,0.024097045,0.009254057,-0.05497961,0.008111837,2026-10-07,-62.96296296296296,-0.7398428356462172,9.356577518518701,0.610827411348784,8.24507151140317,18.181818181818173,99.96292727272727,5.2764559733861125,0-1 DTE (skip),0,1,—,0.0
US.IBIT261009P46000,IBIT,PUT,46.0,2026-10-09,1,47.21,48.49,0.14,0.15,0.145,0.15,0.0521,17063.0,17684.0,13353.0,250822.0,50.14,-0.183100051,0.18510492,-0.13399983,0.007578142,2026-10-07,187.9078694817658,-2.6397195297999607,-4.737495738964028,0.9648835105179824,308.3121680905103,6.896551724137918,92.41367586206897,-2.563016310103793,0-1 DTE (skip),0,3,OI added 308%,16.2
US.TLT261016C78000,TLT,CALL,78.0,2026-10-16,8,77.145,77.28,0.34,0.35,0.345,0.36,0.41,17043.0,34747.0,11465.0,518962.0,14.349,0.320807359,0.214033829,-0.039289269,0.041705369,2026-10-07,-12.19512195121951,-0.17468944099379544,7.950795723171145,0.4904883874866895,49.24405119835066,2.898550724637668,11.388193913043478,1.1083025471514731,Long buildup,1,3,Near ATM,82.8
US.EWZ261120C47000,EWZ,CALL,47.0,2026-11-20,43,42.37,43.0,0.53,0.76,0.645,0.65,0.74,17018.0,128687.0,-16517.0,1164602.0,34.921,0.229838955,0.059338746,-0.018893461,0.044450882,2026-10-07,-12.162162162162158,-1.4651162790697734,9.958378736486575,0.1322433501441482,-11.375030990881795,35.65891472868217,2.9292187596899226,10.927543072928966,Short covering,1,0,—,17.1
US.SPY261008C785000,SPY,CALL,785.0,2026-10-08,0,777.22,779.09,0.04,0.05,0.045,0.05,0.425,16995.0,9110.0,5932.0,108698.0,17.062,0.029086011,0.016499779,-0.372698566,0.015641307,2026-10-07,-88.23529411764706,-0.2400236172971036,9.411764705882353,1.8655323819978047,186.6582756450598,22.222222222222225,828.2190355555556,1.0010035768508239,0-1 DTE (skip),0,5,"Fresh (vol>OI), OI added 187%, Near ATM",0.0
US.ET261016C20500,ET,CALL,20.5,2026-10-16,8,20.48,20.74,0.17,0.28,0.225,0.26,0.4139,16984.0,17327.0,13269.0,262050.0,18.308,0.504230028,0.704455694,-0.015076291,0.012338527,2026-10-07,-37.18289441894177,-1.2536162005785827,-1.8661274993962265,0.9802043054192878,326.9837358304584,48.88888888888889,6.7005737777777785,0.09765624999999792,—,0,4,"OI added 327%, Near ATM",53.3
US.TLT261030C82000,TLT,CALL,82.0,2026-10-30,22,77.145,77.28,0.07,0.08,0.075,0.08,0.095,16896.0,23651.0,13278.0,134731.0,15.185,0.060839085,0.04156342,-0.008135945,0.022954778,2026-10-07,-15.789473684210526,-0.17468944099379544,1.4202331315792784,0.7143883979535749,128.0053986310614,13.333333333333327,10.847926666666668,6.293343703415652,—,0,3,OI added 128%,22.5
US.SOFI261009C16000,SOFI,CALL,16.0,2026-10-09,1,15.66,15.76,0.07,0.08,0.075,0.07,0.155,16893.0,21874.0,4573.0,131089.0,52.604,0.255511546,0.647514307,-0.065166415,0.003033041,2026-10-07,-54.83870967741935,-0.6345177664974597,3.6887545806451074,0.7722867331077992,26.43199815039593,13.333333333333327,86.88855333333333,2.1711366538952737,0-1 DTE (skip),0,2,—,3.3
US.QQQ261009C754000,QQQ,CALL,754.0,2026-10-09,1,757.73,759.66,5.87,5.96,5.915,5.9,7.9544,16830.0,20229.0,-824.0,7976483.0,19.908,0.668299473,0.039759077,-1.575165453,0.166338984,2026-10-07,-25.827215126219443,-0.254061027301681,10.190378103816352,0.831973898858075,-3.9139315061986415,1.5215553677092115,26.63001611158073,-0.49225977590962716,0-1 DTE (skip),0,2,Near ATM,40.3
US.KTOS261120C47500,KTOS,CALL,47.5,2026-11-20,43,41.94,43.71,1.7,1.9,1.8,1.8,2.475,16794.0,16758.0,15834.0,2813727.0,63.826,0.331839199,0.039335767,-0.040054874,0.052468483,2026-10-07,-27.272727272727277,-4.049416609471524,-1.922817930100971,1.0021482277121374,1713.6363636363637,11.111111111111107,2.225270777777778,13.257033857892234,—,0,4,"Fresh (vol>OI), OI added 999%",65.6
US.QQQ261008C765000,QQQ,CALL,765.0,2026-10-08,0,757.73,759.66,0.25,0.26,0.255,0.26,1.195,16642.0,11818.0,9621.0,346516.0,23.98,0.098322619,0.031439455,-1.402426635,0.039828667,2026-10-07,-78.24267782426779,-0.254061027301681,20.920502092050206,1.4081908952445423,437.915339098771,3.921568627450984,549.9712294117647,0.9594446570678187,0-1 DTE (skip),0,5,"Fresh (vol>OI), OI added 438%, Near ATM",0.0
US.BULL261009C6000,BULL,CALL,6.0,2026-10-09,1,5.89,7.28,0.15,0.16,0.155,0.16,1.2945,16604.0,6107.0,6021.0,372717.0,143.476,0.432839065,0.772262285,-0.099011327,0.001395833,2026-10-07,-87.6400154499807,-19.093406593406602,-33.51428139436072,2.7188472244964794,7001.162790697674,6.451612903225811,63.87827548387096,1.8675721561969494,0-1 DTE (skip),0,5,"Fresh (vol>OI), OI added 999%, Near ATM",47.1
US.SKYD261016C10000,SKYD,CALL,10.0,2026-10-16,8,8.89,9.53,0.09,0.12,0.105,0.1,0.26,16487.0,25115.0,-3228.0,200163.0,81.127,0.186258589,0.246089487,-0.017716273,0.003598794,2026-10-07,-61.53846153846154,-6.715634837355706,-8.876242323077012,0.6564602826995819,-11.389055498712205,28.57142857142857,16.872640952380955,12.485939257592795,Long unwinding,0,1,—,13.1
US.TSLA261009P380000,TSLA,PUT,380.0,2026-10-09,1,377.81,380.68,5.25,5.4,5.325,5.25,4.625,16455.0,3224.0,-114.0,10162586.0,45.774,-0.575782606,0.03762102,-1.991281593,0.089160134,2026-10-07,13.513513513513514,-0.7539140485447107,20.838605703351305,5.103908188585608,-3.41521869382864,2.8169014084507107,37.394959492957746,0.5796564410682613,0-1 DTE (skip),0,3,"Fresh (vol>OI), Near ATM",57.0
US.PLTR261009C192500,PLTR,CALL,192.5,2026-10-09,1,194.12,192.07,3.45,3.6,3.525,3.55,2.975,16292.0,3680.0,109.0,4606979.0,56.38,0.605589201,0.058367065,-1.255215312,0.045015845,2026-10-07,19.327731092436963,1.0673192065392885,19.790166384873714,4.427173913043478,3.0523662839540746,4.255319148936168,35.6089450212766,-0.8345353389655906,0-1 DTE (skip),0,3,"Fresh (vol>OI), Near ATM",55.9
US.TLT261016C79000,TLT,CALL,79.0,2026-10-16,8,77.145,77.28,0.12,0.13,0.125,0.14,0.165,16242.0,41912.0,1978.0,199226.0,14.362,0.146409281,0.137039523,-0.023966922,0.026693972,2026-10-07,-15.151515151515147,-0.17468944099379544,11.352833293939856,0.3875262454666921,4.953172735012771,8.000000000000007,19.173537600000003,2.4045628362175178,Long buildup,1,1,—,34.8
US.EWZ261120C42000,EWZ,CALL,42.0,2026-11-20,43,42.37,43.0,2.41,2.88,2.645,2.57,2.8361,16162.0,239461.0,-2960.0,4296108.0,39.484,0.57425963,0.067780573,-0.028605975,0.057420391,2026-10-07,-9.382602870138578,-1.4651162790697734,4.382410419237735,0.06749324524661636,-1.2210163310934283,17.76937618147447,1.0815113421550095,-0.8732593816379454,Short covering,1,1,Near ATM,53.4
US.AMC261030P2500,AMC,PUT,2.5,2026-10-30,22,2.88,2.95,0.05,0.07,0.06,0.06,0.085,16134.0,8650.0,-7727.0,103140.0,73.824,-0.189822234,0.515988323,-0.003148877,0.001931334,2026-10-07,-29.41176470588236,-2.3728813559322126,-41.33962280000007,1.8652023121387282,-47.18202356964035,33.33333333333334,5.248128333333334,-13.194444444444443,Long unwinding,0,2,Fresh (vol>OI),14.8
US.GFL261016C45000,GFL,CALL,45.0,2026-10-16,8,42.04,42.52,1.25,1.5,1.375,1.3,1.6001,15895.0,66963.0,8555.0,2174761.0,98.416,0.35290343,0.059454989,-0.144329861,0.02358692,2026-10-07,-18.755077807637026,-1.1288805268109219,0.851415999000143,0.23736989083523738,14.646966169017942,18.181818181818183,10.496717163636363,7.040913415794484,—,0,0,—,53.1
US.IEF261030P88500,IEF,PUT,88.5,2026-10-30,22,89.11,89.125,0.33,0.36,0.345,0.44,0.36,15838.0,72064.0,12670.0,696873.0,7.628,-0.316731144,0.216842903,-0.010998258,0.077797652,2026-10-07,22.222222222222225,-0.016830294530154916,23.95758078888884,0.219776865008881,21.332121089672356,8.695652173913036,3.1879008695652176,-0.684547188867691,Long buildup,-1,2,Near ATM,69.4
US.SMCI261009C45000,SMCI,CALL,45.0,2026-10-09,1,44.94,43.46,0.96,1.02,0.99,1.0,0.57,15741.0,17618.0,629.0,1387192.0,94.061,0.502907736,0.156624544,-0.515014095,0.010802479,2026-10-07,75.43859649122808,3.405430280717894,35.2123939859652,0.8934612328300602,3.7023956677850376,6.060606060606066,52.02162575757575,0.13351134846462456,0-1 DTE (skip),0,2,Near ATM,47.9
US.SKYD261016C10500,SKYD,CALL,10.5,2026-10-16,8,8.89,9.53,0.04,0.16,0.1,0.09,0.1139,15555.0,17454.0,-434.0,107104.0,99.797,0.153134414,0.176416448,-0.018991702,0.003173669,2026-10-07,-20.98331870061458,-6.715634837355706,70.23705004389815,0.891199724991406,-2.4262075134168155,120.0,18.991702,18.110236220472434,Short covering,1,1,—,11.0
US.QQQ261009P754000,QQQ,PUT,754.0,2026-10-09,1,757.73,759.66,1.73,1.76,1.745,1.74,2.035,15548.0,21633.0,-1462.0,4180171.0,18.307,-0.318626209,0.042558875,-1.331984103,0.163571807,2026-10-07,-14.496314496314502,-0.254061027301681,20.73884617346515,0.718716775297,-6.33037453994371,1.7191977077363911,76.33146722063037,-0.49225977590962716,0-1 DTE (skip),0,2,Near ATM,56.6
US.QQQ261009P755000,QQQ,PUT,755.0,2026-10-09,1,757.73,759.66,2.02,2.07,2.045,2.03,2.305,15526.0,4246.0,614.0,4996363.0,18.048,-0.360670086,0.045280611,-1.435264092,0.171555574,2026-10-07,-11.930585683297194,-0.254061027301681,20.137562950976907,3.656617993405558,16.905286343612335,2.444987775061116,70.1840631784841,-0.3602866456389503,0-1 DTE (skip),0,4,"Fresh (vol>OI), Near ATM",55.1
US.PLTR261009P190000,PLTR,PUT,190.0,2026-10-09,1,194.12,192.07,1.06,1.1,1.08,1.07,2.1524,15496.0,6255.0,-1245.0,2483990.0,57.489,-0.260892591,0.048329805,-0.914178129,0.038001595,2026-10-07,-50.288050548225236,1.0673192065392885,17.032519074057,2.4773780975219823,-16.6,3.703703703703707,84.64612305555555,-2.122398516381622,0-1 DTE (skip),0,2,Fresh (vol>OI),22.6
US.IBIT261016P43000,IBIT,PUT,43.0,2026-10-16,8,47.21,48.49,0.11,0.12,0.115,0.1,0.065,15438.0,23053.0,12302.0,172871.0,45.222,-0.076967816,0.044712738,-0.026777971,0.010305678,2026-10-07,53.846153846153854,-2.6397195297999607,-56.524359200000106,0.6696742289506789,114.42656497070041,8.69565217391304,23.285192173913043,-8.917602202923112,Short buildup,1,3,OI added 114%,29.3
US.SPY261009C776000,SPY,CALL,776.0,2026-10-09,1,777.22,779.09,3.39,3.43,3.41,3.44,4.9544,15310.0,3729.0,1313.0,4398342.0,14.084,0.58666204,0.058821976,-1.312424493,0.183093488,2026-10-07,-30.566768932665912,-0.2400236172971036,18.06641586872281,4.105658353445964,54.34602649006622,1.1730205278592385,38.487521788856306,-0.15696971256530032,0-1 DTE (skip),0,5,"Fresh (vol>OI), OI added 54%, Near ATM",59.2
US.IWM261009C279000,IWM,CALL,279.0,2026-10-09,1,277.7,281.34,0.91,0.94,0.925,0.92,3.2244,15300.0,5756.0,4691.0,1724137.0,21.301,0.375603377,0.105993305,-0.65120914,0.063741813,2026-10-07,-71.46755985609727,-1.2938082035970664,-8.869698787991725,2.6580958999305073,440.46948356807513,3.2432432432432337,70.4009881081081,0.4681310767014805,0-1 DTE (skip),0,5,"Fresh (vol>OI), OI added 440%, Near ATM",53.5
US.SPY261008P729000,SPY,PUT,729.0,2026-10-08,0,777.22,779.09,0.01,0.02,0.015,0.02,0.0051,15275.0,4521.0,3274.0,32195.0,76.638,-0.002753254,0.000469003,-0.191637104,0.0019967,2026-10-07,292.156862745098,-0.2400236172971036,196.078431372549,3.378677283786773,262.5501202886928,66.66666666666667,1277.5806933333333,-6.204163557293948,0-1 DTE (skip),0,4,"Fresh (vol>OI), OI added 263%",0.0
US.MSOS261120C5000,MSOS,CALL,5.0,2026-11-20,43,4.47,4.45,0.24,0.28,0.26,0.25,0.26,15160.0,27063.0,14861.0,409193.0,72.723,0.380859763,0.340037152,-0.005099207,0.005870515,2026-10-07,-3.8461538461538494,0.44943820224718145,-4.814610869230706,0.5601744078631342,121.79150958859204,15.384615384615397,1.9612334615384612,11.856823266219244,Short buildup,-1,3,OI added 122%,57.3
US.QQQ261009C758000,QQQ,CALL,758.0,2026-10-09,1,757.73,759.66,3.39,3.43,3.41,3.39,5.2098,15153.0,4685.0,1594.0,4543680.0,18.893,0.498038414,0.046055757,-1.761872685,0.182900707,2026-10-07,-34.930323620868364,-0.254061027301681,17.338224577142594,3.234364994663821,51.56907149789712,1.1730205278592385,51.6678206744868,0.035632745173080356,0-1 DTE (skip),0,5,"Fresh (vol>OI), OI added 52%, Near ATM",57.7
US.GOOGL261009C355000,GOOGL,CALL,355.0,2026-10-09,1,350.5,347.68,1.71,1.94,1.825,1.9,1.455,15120.0,15665.0,2699.0,2061046.0,42.731,0.316672091,0.039445899,-1.447691015,0.075199612,2026-10-07,30.58419243986253,0.8110906580763901,68.7062349402063,0.965209064794127,20.815980256054296,12.602739726027396,79.32553506849315,1.2838801711840229,0-1 DTE (skip),0,3,Near ATM,34.8
US.RKLB261009C75000,RKLB,CALL,75.0,2026-10-09,1,71.92,75.06,0.47,0.52,0.495,0.51,1.9559,15110.0,6441.0,2160.0,721889.0,89.331,0.226746706,0.077820605,-0.446425577,0.01305198,2026-10-07,-73.92504729280638,-4.183320010658141,-14.698592267498329,2.345909020338457,50.45550105115627,10.101010101010111,90.18698525252525,4.282536151279197,0-1 DTE (skip),0,4,"Fresh (vol>OI), OI added 50%",9.8
US.SPY261009P778000,SPY,PUT,778.0,2026-10-09,1,777.22,779.09,2.51,2.53,2.52,2.52,2.225,15081.0,4447.0,-559.0,4688517.0,11.799,-0.541269047,0.071838152,-1.047252542,0.186370615,2026-10-07,13.25842696629213,-0.2400236172971036,14.835030297078552,3.3912750168653023,-11.166600079904116,0.7936507936507943,41.55764055555556,0.10035768508272726,0-1 DTE (skip),0,3,"Fresh (vol>OI), Near ATM",58.4
US.MSOS261120C6000,MSOS,CALL,6.0,2026-11-20,43,4.47,4.45,0.09,0.12,0.105,0.1,0.125,15025.0,23548.0,15019.0,160248.0,79.501,0.178704477,0.213240528,-0.003759345,0.004024415,2026-10-07,-19.999999999999996,0.44943820224718145,-19.85179563199995,0.6380584338372686,176.09332864345174,28.57142857142857,3.5803285714285713,34.228187919463096,Short buildup,-1,3,OI added 176%,16.4
US.IBIT261009C48000,IBIT,CALL,48.0,2026-10-09,1,47.21,48.49,0.23,0.24,0.235,0.23,0.8431,15011.0,22570.0,5908.0,292636.0,45.703,0.290826228,0.262429014,-0.192779431,0.009794558,2026-10-07,-72.71972482505042,-2.6397195297999607,-5.700746905467868,0.6650863978732832,35.457928219901575,4.255319148936162,82.03380042553192,1.6733742851090854,0-1 DTE (skip),0,3,Near ATM,21.5
US.QQQ261012P450000,QQQ,PUT,450.0,2026-10-12,4,757.73,759.66,0.0,0.01,0.01,0.01,0.0001,15000.0,15110.0,15000.0,15000.0,143.313,-0.00031638,9.81e-06,-0.008661679,0.00096062,2026-10-07,9900.0,-0.254061027301681,0.0,0.9927200529450695,13636.363636363638,100.0,86.61679,-40.6120913781954,—,0,3,OI added 999%,0.0
US.TLT261030C80000,TLT,CALL,80.0,2026-10-30,22,77.145,77.28,0.24,0.25,0.245,0.25,0.285,14840.0,26717.0,5664.0,310933.0,14.262,0.170957832,0.093323959,-0.016810218,0.048379485,2026-10-07,-12.280701754385957,-0.17468944099379544,1.715622919298549,0.5554515851330614,26.903529188239204,4.081632653061228,6.861313469387754,3.7008231252835624,—,0,2,—,45.0
US.MU261009C1150000,MU,CALL,1150.0,2026-10-09,1,1088.0,1045.56,1.87,1.92,1.895,1.92,0.7842,14837.0,7674.0,3885.0,2233017.0,68.153,0.09251717,0.003709184,-1.872481108,0.108664462,2026-10-07,144.83550114766638,4.05906882436207,-117.08079403213534,1.9334115194162105,102.53365003958828,2.638522427440624,98.81166796833773,5.698529411764706,0-1 DTE (skip),0,4,"Fresh (vol>OI), OI added 103%",24.7
US.PFE261120C28000,PFE,CALL,28.0,2026-11-20,43,28.0,27.5,0.86,0.92,0.89,0.89,0.68,14804.0,29002.0,13351.0,1326726.0,21.451,0.539615086,0.1917447,-0.01104658,0.038313254,2026-10-07,30.88235294117646,1.8181818181818181,-7.170729852941174,0.5104475553410109,85.30445338955978,6.741573033707871,1.2411887640449437,0.0,Short buildup,-1,4,"OI added 85%, Near ATM",75.3
US.QQQ261009P757000,QQQ,PUT,757.0,2026-10-09,1,757.73,759.66,2.77,2.82,2.795,2.79,2.93,14763.0,3417.0,1366.0,5186025.0,17.648,-0.453646108,0.049045621,-1.556699683,0.181597469,2026-10-07,-4.778156996587034,-0.254061027301681,18.469716537884732,4.320456540825285,66.60165772793759,1.7889087656529454,55.695874168157424,-0.09634038509759653,0-1 DTE (skip),0,5,"Fresh (vol>OI), OI added 67%, Near ATM",56.4
US.SPY261009P773000,SPY,PUT,773.0,2026-10-09,1,777.22,779.09,0.89,0.9,0.895,0.89,0.925,14695.0,7378.0,1137.0,2185010.0,13.411,-0.240050461,0.04934417,-0.773370827,0.145958778,2026-10-07,-3.783783783783787,-0.2400236172971036,31.294752965405298,1.9917321767416645,18.218234257330558,1.1173184357541908,86.41014826815643,-0.5429608090373417,0-1 DTE (skip),0,4,"Fresh (vol>OI), Near ATM",27.8
US.BULL261016C6000,BULL,CALL,6.0,2026-10-16,8,5.89,7.28,0.24,0.26,0.25,0.25,1.3318,14561.0,9951.0,8380.0,424157.0,83.69,0.469638359,0.534314528,-0.018611284,0.003538506,2026-10-07,-81.22841267457576,-19.093406593406602,-30.81479178480251,1.463270023113255,533.4182049649905,8.000000000000007,7.4445136,1.8675721561969494,Short buildup,-1,5,"Fresh (vol>OI), OI added 533%, Near ATM",76.6
US.TLT261009P77000,TLT,PUT,77.0,2026-10-09,1,77.145,77.28,0.26,0.27,0.265,0.25,0.255,14515.0,12643.0,-1439.0,724490.0,17.77,-0.430741075,0.47451658,-0.157275832,0.018325577,2026-10-07,-1.960784313725492,-0.17468944099379544,36.91207328431286,1.1480661235466265,-10.21871893196989,3.7735849056603805,59.34937056603773,-0.1879577419145713,0-1 DTE (skip),0,3,"Fresh (vol>OI), Near ATM",52.5
US.TLT261016C81000,TLT,CALL,81.0,2026-10-16,8,77.145,77.28,0.02,0.03,0.025,0.03,0.035,14510.0,58317.0,-6113.0,29737.0,17.098,0.032345398,0.036334351,-0.00818501,0.008448089,2026-10-07,-14.285714285714295,-0.17468944099379544,21.576110657143314,0.2488125246497591,-9.48781623467329,39.99999999999999,32.74004,4.997083414349607,Short covering,1,0,—,0.0
US.SPY261009C781000,SPY,CALL,781.0,2026-10-09,1,777.22,779.09,1.03,1.04,1.035,1.04,2.2729,14499.0,6951.0,2469.0,1363282.0,12.841,0.278420027,0.055603055,-0.867554591,0.157675833,2026-10-07,-54.24347749571032,-0.2400236172971036,6.832682541686895,2.085886922744929,55.08701472556894,0.966183574879228,83.82169961352658,0.4863487815547686,0-1 DTE (skip),0,5,"Fresh (vol>OI), OI added 55%, Near ATM",28.1
US.IWM261009P275000,IWM,PUT,275.0,2026-10-09,1,277.7,281.34,0.49,0.51,0.5,0.49,0.245,14472.0,11849.0,-1879.0,835201.0,22.706,-0.225307333,0.078688176,-0.441227576,0.050405003,2026-10-07,100.0,-1.2938082035970664,-54.649435151019155,1.2213688918896108,-13.687354312354314,4.0000000000000036,88.2455152,-0.9722722362261392,0-1 DTE (skip),0,3,"Fresh (vol>OI), Near ATM",22.0
US.SPCX261009P162500,SPCX,PUT,162.5,2026-10-09,1,167.6,171.92,0.62,0.65,0.635,0.64,0.45,14445.0,7788.0,1694.0,1110270.0,59.596,-0.188806816,0.0449148,-0.586185149,0.027296423,2026-10-07,42.22222222222222,-2.5127966496044634,-8.768954693333066,1.8547765793528506,27.79783393501805,4.724409448818902,92.31262188976376,-3.042959427207634,0-1 DTE (skip),0,3,Fresh (vol>OI),20.6
US.MSTR261009P150000,MSTR,PUT,150.0,2026-10-09,1,153.37,164.55,1.53,1.61,1.57,1.56,0.2901,14434.0,5400.0,662.0,1813399.0,81.248,-0.315209721,0.047332771,-1.212602615,0.032834474,2026-10-07,437.7456049638056,-6.794287450622914,-359.0286334987942,2.6729629629629628,13.972140143520473,5.0955414012738895,77.23583535031847,-2.1973006454978186,0-1 DTE (skip),0,2,Fresh (vol>OI),49.8
US.TSLA261016C400000,TSLA,CALL,400.0,2026-10-16,8,377.81,380.68,2.48,2.53,2.505,2.51,3.325,14415.0,23269.0,-616.0,3444499.0,41.779,0.195195648,0.011572482,-0.404108298,0.157385614,2026-10-07,-24.51127819548873,-0.7539140485447107,4.490821286015064,0.6194937470454253,-2.5790244923592214,1.9960079840319291,16.132067784431136,5.873322569545538,Short covering,1,1,—,49.9
US.SPY261008C789000,SPY,CALL,789.0,2026-10-08,0,777.22,779.09,0.01,0.02,0.015,0.02,0.085,14403.0,5429.0,3385.0,30896.0,20.794,0.009140912,0.005029983,-0.160033471,0.005836419,2026-10-07,-76.47058823529412,-0.2400236172971036,11.76470588235294,2.6529747651501197,165.60665362035226,66.66666666666667,1066.8898066666668,1.5156583721468788,0-1 DTE (skip),0,5,"Fresh (vol>OI), OI added 166%, Near ATM",0.0
US.INTC261009C113000,INTC,CALL,113.0,2026-10-09,1,113.12,112.5,2.12,2.18,2.15,2.13,2.2638,14371.0,4170.0,2016.0,3312240.0,76.587,0.519593577,0.076323552,-1.055440641,0.027161577,2026-10-07,-5.910416114497744,0.5511111111111151,26.48169552345604,3.446282973621103,93.59331476323119,2.7906976744186074,49.09026237209302,-0.10608203677511009,0-1 DTE (skip),0,5,"Fresh (vol>OI), OI added 94%, Near ATM",54.4
US.TLT261016C82000,TLT,CALL,82.0,2026-10-16,8,77.145,77.28,0.01,0.02,0.015,0.02,0.0238,14260.0,123145.0,11364.0,39023.0,19.055,0.018722374,0.020609513,-0.005572306,0.00535061,2026-10-07,-15.966386554621852,-0.17468944099379544,18.066497857143244,0.11579844898290632,10.166307333088808,66.66666666666667,37.14870666666667,6.293343703415652,Long buildup,1,0,—,0.0
US.SPY261008P765000,SPY,PUT,765.0,2026-10-08,0,777.22,779.09,0.05,0.06,0.055,0.05,0.125,14173.0,8319.0,5848.0,291616.0,26.599,-0.023368381,0.008812861,-0.475720307,0.013019789,2026-10-07,-60.0,-0.2400236172971036,32.0,1.7036903473975238,236.6653176851477,18.181818181818173,864.9460127272727,-1.572270399629452,0-1 DTE (skip),0,5,"Fresh (vol>OI), OI added 237%, Near ATM",0.0
US.IWM261008C279000,IWM,CALL,279.0,2026-10-08,0,277.7,281.34,0.49,0.51,0.5,0.5,2.948,14136.0,3266.0,2984.0,981544.0,29.182,0.316044742,0.144757085,-1.338219,0.029952949,2026-10-07,-83.0393487109905,-1.2938082035970664,1.377946434192529,4.3282302510716475,1058.1560283687943,4.0000000000000036,267.6438,0.4681310767014805,0-1 DTE (skip),0,5,"Fresh (vol>OI), OI added 999%, Near ATM",22.0
US.IWM261008P277000,IWM,PUT,277.0,2026-10-08,0,277.7,281.34,0.69,0.71,0.7,0.7,0.265,14132.0,4573.0,3878.0,1108771.0,31.473,-0.378031504,0.143456393,-1.526946316,0.032009511,2026-10-07,164.15094339622638,-1.2938082035970664,221.09873261886986,3.0903127050076535,557.9856115107914,2.85714285714286,218.13518800000003,-0.2520705797623294,0-1 DTE (skip),0,5,"Fresh (vol>OI), OI added 558%, Near ATM",24.3
US.KRE261120P69000,KRE,PUT,69.0,2026-11-20,43,68.89,70.07,1.87,2.58,2.225,2.45,1.7809,13891.0,17008.0,11223.0,3524737.0,24.962,-0.465796398,0.067975573,-0.024232656,0.094232175,2026-10-07,37.57089112246618,-1.6840302554588165,8.068555582009326,0.816733301975541,194.0017286084702,31.910112359550556,1.0891081348314606,0.15967484395412895,Long buildup,-1,4,"OI added 194%, Near ATM",48.9
US.MU261016C1100000,MU,CALL,1100.0,2026-10-16,8,1088.0,1045.56,26.65,26.95,26.8,26.65,12.1414,13815.0,10574.0,809.0,25330333.0,48.596,0.459906341,0.004970717,-2.013366813,0.652223008,2026-10-07,119.49692786663807,4.05906882436207,-24.679676965094842,1.3065065254397579,8.284690220174092,1.1194029850746294,7.512562735074628,1.1029411764705883,Short buildup,-1,3,"Fresh (vol>OI), Near ATM",90.2
US.SPY261008P726000,SPY,PUT,726.0,2026-10-08,0,777.22,779.09,0.0,0.01,0.01,0.01,0.0025,13781.0,7698.0,5352.0,24344.0,78.04,-0.001861452,0.000323077,-0.134504076,0.001400921,2026-10-07,300.0,-0.2400236172971036,0.0,1.790205248116394,228.13299232736574,100.0,1345.04076,-6.590154653765989,0-1 DTE (skip),0,4,"Fresh (vol>OI), OI added 228%",0.0
US.SPCX261009C165000,SPCX,CALL,165.0,2026-10-09,1,167.6,171.92,3.9,4.1,4.0,4.0,7.7879,13670.0,9027.0,-515.0,5218622.0,61.792,0.67086896,0.057971365,-1.056618746,0.036534101,2026-10-07,-48.63827219147652,-2.5127966496044634,2.142716948086071,1.5143458513348842,-5.397191364493817,4.999999999999993,26.41546865,-1.5513126491646745,0-1 DTE (skip),0,3,"Fresh (vol>OI), Near ATM",33.6
US.KTOS261120C50000,KTOS,CALL,50.0,2026-11-20,43,41.94,43.71,1.25,1.3,1.275,1.3,1.8,13638.0,12692.0,-10512.0,1634638.0,64.336,0.25432566,0.034477204,-0.035457523,0.046354121,2026-10-07,-27.77777777777778,-4.049416609471524,-0.7992254888888389,1.074535140245824,-45.302534045854166,3.921568627450984,2.7809821960784316,19.217930376728667,—,0,2,Fresh (vol>OI),49.4
US.SPCX261016C160000,SPCX,CALL,160.0,2026-10-16,8,167.6,171.92,9.3,9.6,9.45,9.3,13.3786,13550.0,26636.0,-6328.0,12942605.0,46.387,0.761178639,0.026405212,-0.235107014,0.078469958,2026-10-07,-30.48600002989849,-2.5127966496044634,-4.149920511264291,0.5087100165189968,-19.196699429680862,3.1746031746031633,2.4879049100529103,-4.5346062052505935,Long unwinding,0,1,—,61.2
US.NFLX261009C71000,NFLX,CALL,71.0,2026-10-09,1,69.7,68.69,0.22,0.23,0.225,0.23,0.175,13491.0,8919.0,69.0,260751.0,40.53,0.230062815,0.178401586,-0.201399983,0.012753462,2026-10-07,31.428571428571445,1.4703741447081162,13.735165628570769,1.5126135216952574,0.7796610169491526,4.444444444444448,89.51110355555556,1.8651362984218034,0-1 DTE (skip),0,3,"Fresh (vol>OI), Near ATM",21.1
US.META261016C800000,META,CALL,800.0,2026-10-16,8,721.31,738.88,0.96,0.98,0.97,0.97,2.29,13462.0,20290.0,-3252.0,1431020.0,41.156,0.052564738,0.00239376,-0.276056831,0.116904201,2026-10-07,-57.64192139737992,-2.377923343438725,-5.256800102183289,0.6634795465746673,-13.813609718800443,2.061855670103095,28.459467113402066,10.909317769059083,Long unwinding,0,1,—,37.4
US.SPY261030C795000,SPY,CALL,795.0,2026-10-30,22,777.22,779.09,2.85,2.87,2.86,2.86,3.73,13417.0,15225.0,3671.0,3794907.0,11.011,0.23418189,0.0144859,-0.164731664,0.58866176,2026-10-07,-23.324396782841823,-0.2400236172971036,-7.167512109919547,0.881247947454844,31.772546304310197,0.6993006993007,5.759848391608392,2.2876405650909617,Short buildup,-1,2,—,52.8
US.SMH261016C700000,SMH,CALL,700.0,2026-10-16,8,625.03,632.5,0.16,0.26,0.21,0.23,0.3323,13363.0,22953.0,348.0,255966.0,34.988,0.017858723,0.001330603,-0.078603591,0.041569582,2026-10-07,-30.78543484802888,-1.181027667984194,33.01482148961797,0.582189691979262,1.539482415394824,47.61904761904762,37.43028142857143,11.99462425803562,Long buildup,1,1,—,0.0
US.SPCX261016P165000,SPCX,PUT,165.0,2026-10-16,8,167.6,171.92,3.3,3.4,3.35,3.34,2.35,13332.0,10457.0,2463.0,4443501.0,45.838,-0.392703544,0.033171722,-0.269148859,0.097278514,2026-10-07,42.127659574468076,-2.5127966496044634,-18.609806428936047,1.2749354499378407,30.810607955966972,2.9850746268656745,8.034294298507463,-1.5513126491646745,Short buildup,1,4,"Fresh (vol>OI), Near ATM",86.0
US.QQQ261008P751000,QQQ,PUT,751.0,2026-10-08,0,757.73,759.66,0.39,0.41,0.4,0.4,0.825,13234.0,3381.0,2458.0,1824472.0,26.588,-0.130139948,0.034631255,-1.901632837,0.048647854,2026-10-07,-51.515151515151516,-0.254061027301681,47.27272727272728,3.914226560189293,266.30552546045504,4.99999999999999,475.40820925,-0.8881791667216579,0-1 DTE (skip),0,5,"Fresh (vol>OI), OI added 266%, Near ATM",0.0
US.SLV261120C59000,SLV,CALL,59.0,2026-11-20,43,53.82,55.45,1.0,1.04,1.02,0.99,1.485,13211.0,26000.0,11918.0,1366916.0,36.054,0.265955483,0.048963506,-0.026831748,0.060985483,2026-10-07,-33.333333333333336,-2.9395852119026196,-2.3340615966329548,0.5081153846153846,84.63286464990767,3.921568627450984,2.6305635294117646,9.624674842066145,—,0,3,OI added 85%,49.5
US.APLD261009C30000,APLD,CALL,30.0,2026-10-09,1,23.81,25.34,0.07,0.08,0.075,0.07,0.2441,13185.0,13760.0,6279.0,121900.0,231.008,0.055985939,0.034035064,-0.074805707,0.001618682,2026-10-07,-71.32322818517001,-6.037884767166539,-5.586155809094611,0.9582122093023255,83.93262932763,13.333333333333327,99.74094266666667,25.997480050399,0-1 DTE (skip),0,3,OI added 84%,3.3
US.SPY261008C784000,SPY,CALL,784.0,2026-10-08,0,777.22,779.09,0.07,0.08,0.075,0.07,0.605,13157.0,5233.0,4132.0,129438.0,16.712,0.046243445,0.024609494,-0.544464584,0.022817169,2026-10-07,-88.4297520661157,-0.2400236172971036,9.917355371900829,2.5142365755780625,375.29518619436874,13.333333333333327,725.9527786666666,0.87233987802681,0-1 DTE (skip),0,5,"Fresh (vol>OI), OI added 375%, Near ATM",0.0
US.SPY261008C787000,SPY,CALL,787.0,2026-10-08,0,777.22,779.09,0.01,0.02,0.015,0.02,0.195,13148.0,5378.0,3314.0,39564.0,17.665,0.010589277,0.006732439,-0.155727692,0.006643286,2026-10-07,-89.74358974358975,-0.2400236172971036,0.27161025128206934,2.4447750092971363,160.56201550387595,66.66666666666667,1038.1846133333333,1.2583309744988513,0-1 DTE (skip),0,5,"Fresh (vol>OI), OI added 161%, Near ATM",0.0
US.NVDA261009P240000,NVDA,PUT,240.0,2026-10-09,1,237.47,239.24,3.55,3.6,3.575,3.55,2.7991,13105.0,13491.0,2471.0,4460763.0,36.473,-0.679316985,0.06871207,-0.823571998,0.051198881,2026-10-07,26.826479939980697,-0.7398428356462172,13.292877515987012,0.9713883329627159,22.422867513611617,1.398601398601406,23.036978965034965,1.0653977344506678,0-1 DTE (skip),0,3,Near ATM,44.2
US.NFLX261016C70000,NFLX,CALL,70.0,2026-10-16,8,69.7,68.69,1.22,1.25,1.235,1.23,0.905,12959.0,13931.0,-586.0,1335756.0,32.11,0.481645375,0.117901947,-0.086907465,0.04195047,2026-10-07,35.911602209944746,1.4703741447081162,-8.238051243094207,0.9302275500681932,-4.036646690087483,2.4291497975708523,7.037041700404859,0.4304160688665669,Long unwinding,0,2,Near ATM,88.1
US.AMZN261016C270000,AMZN,CALL,270.0,2026-10-16,8,259.92,256.29,1.41,1.44,1.425,1.45,0.945,12914.0,28676.0,-906.0,1496214.0,30.294,0.21495631,0.024567438,-0.216090677,0.11465299,2026-10-07,53.43915343915344,1.4163642748449004,-6.264627333333241,0.45034174919793557,-3.062673247244946,2.1052631578947385,15.16425803508772,3.8781163434902983,Long unwinding,0,1,—,50.6
US.IBIT261012C48500,IBIT,CALL,48.5,2026-10-12,4,47.21,48.49,0.28,0.29,0.285,0.29,0.7454,12901.0,11932.0,11337.0,316026.0,35.712,0.261177641,0.176794163,-0.07242258,0.016739308,2026-10-07,-61.094714247383955,-2.6397195297999607,-6.529385500402422,1.0812101910828025,1905.3781512605042,3.508771929824545,25.41143157894737,2.732471933912305,Short buildup,-1,4,"Fresh (vol>OI), OI added 999%",37.6
US.AAPL261016C335000,AAPL,CALL,335.0,2026-10-16,8,336.67,333.63,5.7,6.0,5.85,5.91,4.5,12849.0,16584.0,3729.0,6659369.0,23.746,0.571943136,0.032502595,-0.313470162,0.199530646,2026-10-07,31.333333333333336,0.9111890417528461,-0.33859936533359536,0.7747829232995659,29.008168028004665,5.128205128205125,5.358464307692308,-0.4960346927258193,—,0,3,Near ATM,84.4
US.SPY261016P745000,SPY,PUT,745.0,2026-10-16,8,777.22,779.09,0.33,0.34,0.335,0.33,0.385,12782.0,32695.0,-13097.0,799000.0,16.662,-0.04165326,0.004547238,-0.09562426,0.104538652,2026-10-07,-14.285714285714285,-0.2400236172971036,-9.679827584415628,0.39094662792475915,-28.60106568832984,2.985074626865674,28.544555223880597,-4.1455443761097275,Long unwinding,0,1,—,35.5
US.TLT261030C78000,TLT,CALL,78.0,2026-10-30,22,77.145,77.28,0.8,0.81,0.805,0.79,0.87,12769.0,16040.0,5677.0,917392.0,14.571,0.410161469,0.139841671,-0.027720128,0.074169168,2026-10-07,-9.19540229885057,-0.17468944099379544,0.3553938293105865,0.7960723192019951,54.781433947698545,1.2422360248447215,3.443494161490683,1.1083025471514731,—,0,4,"OI added 55%, Near ATM",84.1
US.MU261009C1050000,MU,CALL,1050.0,2026-10-09,1,1088.0,1045.56,41.1,43.0,42.05,41.88,15.9778,12765.0,3577.0,923.0,24890558.0,63.711,0.828643212,0.006088711,-3.7708197,0.166750468,2026-10-07,162.1136827347945,4.05906882436207,-34.388953531024605,3.5686329326251047,34.77769404672193,4.518430439952435,8.96746658739596,-3.4926470588235294,0-1 DTE (skip),0,3,Fresh (vol>OI),52.0
US.ORCL261016C160000,ORCL,CALL,160.0,2026-10-16,8,143.56,144.77,0.54,0.69,0.615,0.66,0.91,12763.0,46697.0,7295.0,826816.0,55.895,0.109044223,0.015418913,-0.13448418,0.040508967,2026-10-07,-27.47252747252747,-0.8358085238654472,1.8052406406594483,0.2733152022613872,18.514288614791127,24.39024390243901,21.867346341463417,11.45165784341042,—,0,1,—,8.1
US.QQQ261008C761000,QQQ,CALL,761.0,2026-10-08,0,757.73,759.66,0.99,1.0,0.995,1.0,2.7155,12662.0,3278.0,1893.0,1074184.0,24.28,0.286558416,0.060972809,-2.899264839,0.078241232,2026-10-07,-63.174369361075314,-0.254061027301681,36.457374332535444,3.8627211714460037,136.67870036101084,1.0050251256281415,291.38340090452266,0.431552135985111,0-1 DTE (skip),0,5,"Fresh (vol>OI), OI added 137%, Near ATM",0.0
US.SPY261016P770000,SPY,PUT,770.0,2026-10-16,8,777.22,779.09,2.45,2.47,2.46,2.47,2.305,12656.0,20426.0,-521.0,3973070.0,11.902,-0.281367566,0.024238615,-0.268549691,0.395323679,2026-10-07,7.158351409978309,-0.2400236172971036,-4.017685788286387,0.6196024674434544,-2.4872296748937797,0.8130081300813016,10.916654105691057,-0.928951905509383,Long unwinding,0,2,Near ATM,57.5
US.PLTR261009C197500,PLTR,CALL,197.5,2026-10-09,1,194.12,192.07,1.26,1.28,1.27,1.27,1.165,12617.0,15177.0,987.0,1443751.0,55.479,0.31013486,0.054378956,-1.020150812,0.041268949,2026-10-07,9.012875536480685,1.0673192065392885,42.00638188841171,0.8313237135138697,6.955602536997886,1.5748031496063006,80.32683559055118,1.7411910158664718,0-1 DTE (skip),0,2,Near ATM,56.9
US.TSLA261016C380000,TSLA,CALL,380.0,2026-10-16,8,377.81,380.68,8.2,8.65,8.425,8.42,10.139,12542.0,13934.0,959.0,10076388.0,40.859,0.480684911,0.017091684,-0.594078148,0.227364132,2026-10-07,-16.954334747016468,-0.7539140485447107,2.5115281839432178,0.9001004736615473,7.391136801541426,5.341246290801199,7.051372676557863,0.5796564410682613,—,0,2,Near ATM,82.3
US.HOOD261009C110000,HOOD,CALL,110.0,2026-10-09,1,109.51,112.0,1.59,1.63,1.61,1.59,3.3612,12540.0,3503.0,2366.0,1760307.0,69.659,0.467315449,0.086504865,-0.922295737,0.02623466,2026-10-07,-52.69546590503391,-2.223214285714281,9.36306096066873,3.579788752497859,208.09146877748458,2.4844720496894293,57.28544950310559,0.44744772166924923,0-1 DTE (skip),0,5,"Fresh (vol>OI), OI added 208%, Near ATM",55.0
US.EWZ261009C43000,EWZ,CALL,43.0,2026-10-09,1,42.37,43.0,0.21,0.35,0.28,0.23,0.5522,12502.0,20503.0,4918.0,475858.0,47.645,0.346547476,0.301383127,-0.208833895,0.009484563,2026-10-07,-58.34842448388265,-1.4651162790697734,19.007389511046874,0.6097644247183339,31.55598331729227,49.999999999999986,74.58353392857143,1.4869011092754367,0-1 DTE (skip),0,3,Near ATM,20.0
US.SPY261008P725000,SPY,PUT,725.0,2026-10-08,0,777.22,779.09,0.0,0.01,0.01,0.01,0.002,12492.0,6326.0,5351.0,26194.0,79.474,-0.001830143,0.000312392,-0.134782501,0.001379437,2026-10-07,400.0,-0.2400236172971036,0.0,1.97470755611761,548.8205128205128,100.0,1347.82501,-6.718818352590003,0-1 DTE (skip),0,4,"Fresh (vol>OI), OI added 549%",0.0
US.IWM261008C278000,IWM,CALL,278.0,2026-10-08,0,277.7,281.34,0.9,0.92,0.91,0.92,3.7428,12444.0,2949.0,2803.0,1338422.0,29.82,0.471642773,0.158463142,-1.542544501,0.033509875,2026-10-07,-75.41947205300843,-1.2938082035970664,11.663038225926952,4.219735503560529,1919.8630136986303,2.1978021978021998,169.51038472527472,0.10803024846957557,0-1 DTE (skip),0,5,"Fresh (vol>OI), OI added 999%, Near ATM",25.6
US.NVDA261016C250000,NVDA,CALL,250.0,2026-10-16,8,237.47,239.24,0.65,0.68,0.665,0.67,0.92,12428.0,76212.0,425.0,815809.0,29.101,0.129708213,0.020237174,-0.133660204,0.075718432,2026-10-07,-27.173913043478258,-0.7398428356462172,12.309102283695797,0.1630714323203695,0.5607821921965509,4.5112781954887256,20.099278796992483,5.2764559733861125,Long buildup,1,0,—,40.9
US.QQQ261009P730000,QQQ,PUT,730.0,2026-10-09,1,757.73,759.66,0.08,0.09,0.085,0.08,0.142,12421.0,36177.0,2474.0,285939.0,29.475,-0.017323663,0.003169822,-0.084977804,0.01966515,2026-10-07,-43.661971830985905,-0.254061027301681,-7.363989852112053,0.34333969096387207,7.3405928255644906,11.764705882352935,99.97388705882354,-3.659614902405872,0-1 DTE (skip),0,1,—,6.5
US.QQQ261016C760000,QQQ,CALL,760.0,2026-10-16,8,757.73,759.66,6.78,6.85,6.815,6.85,8.4948,12392.0,83022.0,-351.0,7412136.0,16.515,0.472861321,0.021043298,-0.503112087,0.455811548,2026-10-07,-19.362433488722512,-0.254061027301681,-2.6965386291616498,0.14926164149261642,-0.42099960418840626,1.0271460014673426,7.382422406456346,0.29957900571443413,—,0,1,Near ATM,90.6
US.GFL261016C50000,GFL,CALL,50.0,2026-10-16,8,42.04,42.52,0.2,0.4,0.3,0.3,0.5,12326.0,36122.0,7990.0,316441.0,89.822,0.11431367,0.033891239,-0.065218677,0.012270713,2026-10-07,-40.0,-1.1288805268109219,-15.982152279999905,0.34123248989535465,28.40181999146879,66.66666666666667,21.739559000000003,18.934348239771648,Short buildup,-1,2,—,8.3
US.AAPL261009P332500,AAPL,PUT,332.5,2026-10-09,1,336.67,333.63,0.84,0.99,0.915,0.9,2.32,12226.0,4104.0,1398.0,1721321.0,30.736,-0.245221455,0.050456344,-0.792895963,0.063779142,2026-10-07,-61.20689655172414,0.9111890417528461,5.102120094827818,2.979044834307992,51.66297117516629,16.393442622950822,86.65529650273224,-1.2386015980039848,0-1 DTE (skip),0,5,"Fresh (vol>OI), OI added 52%, Near ATM",0.0
US.SPY261009C779000,SPY,CALL,779.0,2026-10-09,1,777.22,779.09,1.76,1.77,1.765,1.78,3.0881,12166.0,6778.0,1536.0,1963538.0,13.181,0.401070479,0.062385217,-1.182793059,0.181727287,2026-10-07,-42.35937955377093,-0.2400236172971036,20.229100570901274,1.7949247565653585,29.301793208698967,0.5665722379603405,67.01377104815865,0.22902138390674104,0-1 DTE (skip),0,4,"Fresh (vol>OI), Near ATM",58.9
US.SLV261016C64000,SLV,CALL,64.0,2026-10-16,8,53.82,55.45,0.03,0.04,0.035,0.04,0.0533,12140.0,53569.0,-6093.0,12434.0,54.755,0.021735401,0.011644313,-0.0126029,0.004234372,2026-10-07,-24.953095684803,-2.9395852119026196,56.28517823639775,0.2266236069368478,-10.212530588984613,28.571428571428577,36.00828571428571,18.914901523597173,Short covering,1,0,—,0.0
US.TSLA261009P372500,TSLA,PUT,372.5,2026-10-09,1,377.81,380.68,1.97,2.02,1.995,2.0,1.92,12117.0,3025.0,211.0,3317629.0,45.851,-0.297682985,0.033199364,-1.596453042,0.078862737,2026-10-07,4.1666666666666705,-0.7539140485447107,42.81785807552076,4.0056198347107435,7.498223169864961,2.506265664160403,80.02270887218044,-1.4054683571107176,0-1 DTE (skip),0,3,"Fresh (vol>OI), Near ATM",25.0
US.SPY261009P772000,SPY,PUT,772.0,2026-10-09,1,777.22,779.09,0.72,0.73,0.725,0.71,0.775,12054.0,7791.0,1788.0,1568405.0,13.784,-0.199719263,0.043185894,-0.658078871,0.131288953,2026-10-07,-8.387096774193555,-0.2400236172971036,28.335980540645046,1.5471698113207548,29.78510744627686,1.3793103448275874,90.76949944827587,-0.6716245078613555,0-1 DTE (skip),0,4,"Fresh (vol>OI), Near ATM",27.2
US.MSTR261009C157500,MSTR,CALL,157.5,2026-10-09,1,153.37,164.55,1.54,1.57,1.555,1.55,8.3428,12042.0,5159.0,2043.0,2666358.0,85.615,0.313273613,0.044795884,-1.247887447,0.032748569,2026-10-07,-81.42110562401112,-6.794287450622914,-24.482350765450434,2.33417328939717,65.56482670089859,1.9292604501607735,80.24999659163988,2.6928343222272906,0-1 DTE (skip),0,4,"Fresh (vol>OI), OI added 66%",56.1
US.EEM261016P66000,EEM,PUT,66.0,2026-10-16,8,67.37,68.27,0.29,0.38,0.335,0.33,0.2341,12024.0,42619.0,10617.0,433014.0,21.437,-0.252479563,0.146629991,-0.040924009,0.032480548,2026-10-07,40.96539940196497,-1.3182950051266904,-38.619221571976865,0.2821276895281447,33.17605149678145,26.86567164179105,12.216122089552238,-2.0335460887635515,Short buildup,1,1,—,17.8
US.QQQ261008C763000,QQQ,CALL,763.0,2026-10-08,0,757.73,759.66,0.51,0.52,0.515,0.52,1.86,12019.0,3128.0,2034.0,537791.0,23.881,0.174830414,0.046918238,-2.122731005,0.05919861,2026-10-07,-72.04301075268818,-0.254061027301681,27.419354838709676,3.842391304347826,185.92321755027425,1.9417475728155356,412.1807776699029,0.6954983965264648,0-1 DTE (skip),0,5,"Fresh (vol>OI), OI added 186%, Near ATM",0.0
US.SHOE261120P15000,SHOE,PUT,15.0,2026-11-20,43,12.76,13.04,2.8,3.0,2.9,3.0,2.3883,11976.0,11033.0,11026.0,3355313.0,83.223,-0.659304324,0.101437225,-0.014527539,0.016107173,2026-10-07,25.61236025624921,-2.147239263803676,18.491074332370317,1.0854708601468321,157514.2857142857,6.896551724137938,0.5009496206896552,17.554858934169282,Long buildup,-1,4,"Fresh (vol>OI), OI added 999%",45.7
US.TSLA261009P365000,TSLA,PUT,365.0,2026-10-09,1,377.81,380.68,0.59,0.61,0.6,0.58,0.73,11975.0,5276.0,1378.0,1071703.0,47.869,-0.112160874,0.017497884,-0.586274035,0.043396994,2026-10-07,-20.547945205479458,-0.7539140485447107,15.667442002739659,2.2697119029567854,35.351462288353005,3.3333333333333366,97.71233916666667,-3.3905931552896966,0-1 DTE (skip),0,3,Fresh (vol>OI),23.3
US.INTC261009P113000,INTC,PUT,113.0,2026-10-09,1,113.12,112.5,1.97,2.02,1.995,1.99,2.75,11973.0,4505.0,551.0,2343955.0,75.877,-0.480459714,0.077055735,-1.033867564,0.027160622,2026-10-07,-27.636363636363637,0.5511111111111151,20.79100315200008,2.657713651498335,13.935255437531612,2.506265664160403,51.82293553884711,-0.10608203677511009,0-1 DTE (skip),0,3,"Fresh (vol>OI), Near ATM",55.0
US.SPY261008P769000,SPY,PUT,769.0,2026-10-08,0,777.22,779.09,0.13,0.14,0.135,0.14,0.245,11945.0,3741.0,2485.0,491004.0,22.757,-0.058559821,0.021801218,-0.894542208,0.027518806,2026-10-07,-42.85714285714285,-0.2400236172971036,53.06122448979592,3.192996524993317,197.85031847133757,7.407407407407414,662.6238577777776,-1.0576156043333969,0-1 DTE (skip),0,5,"Fresh (vol>OI), OI added 198%, Near ATM",0.0
US.AMZN261009P255000,AMZN,PUT,255.0,2026-10-09,1,259.92,256.29,0.64,0.67,0.655,0.66,2.152,11924.0,4032.0,1758.0,1655189.0,37.901,-0.19650523,0.046667815,-0.600673102,0.043373155,2026-10-07,-69.33085501858736,1.4163642748449004,-8.271975515799298,2.9573412698412698,77.30870712401055,4.580152671755729,91.70581709923664,-1.8928901200369403,0-1 DTE (skip),0,5,"Fresh (vol>OI), OI added 77%, Near ATM",20.8
US.AMZN261016C265000,AMZN,CALL,265.0,2026-10-16,8,259.92,256.29,2.67,2.78,2.725,2.78,1.83,11906.0,25440.0,924.0,2478886.0,30.12,0.350765662,0.03135164,-0.279333803,0.145502419,2026-10-07,51.91256830601091,1.4163642748449004,-2.40139617814201,0.46800314465408804,3.768967205090553,4.036697247706417,10.25078176146789,1.954447522314552,—,0,2,Near ATM,81.7
US.NVDA261009C255000,NVDA,CALL,255.0,2026-10-09,1,237.47,239.24,0.01,0.02,0.015,0.02,0.045,11894.0,17402.0,784.0,24614.0,47.551,0.006825395,0.002800656,-0.014999726,0.002730911,2026-10-07,-55.55555555555556,-0.7398428356462172,4.623722555555708,0.6834846569359844,4.717775905644482,66.66666666666667,99.99817333333334,7.381985092853835,0-1 DTE (skip),0,1,—,0.0
US.XLI261016C170000,XLI,CALL,170.0,2026-10-16,8,167.84,171.58,0.7,1.49,1.095,0.95,2.9241,11857.0,3971.0,2631.0,1427408.0,19.423,0.339788531,0.074405376,-0.116729542,0.092833636,2026-10-07,-67.51137102014295,-2.179741228581425,-20.059551727369,2.9858977587509443,196.34328358208955,72.14611872146119,10.660232146118723,1.286939942802667,Short buildup,-1,5,"Fresh (vol>OI), OI added 196%, Near ATM",49.3
US.SPY261106P700000,SPY,PUT,700.0,2026-11-06,29,777.22,779.09,0.88,0.9,0.89,0.89,0.89,11845.0,8883.0,-4187.0,1234821.0,22.494,-0.042802986,0.001833806,-0.072656149,0.200570731,2026-10-07,0.0,-0.2400236172971036,-0.829824137078662,1.333445907913993,-32.03519510328998,2.247191011235957,8.163612247191011,-9.935410823190347,—,0,2,Fresh (vol>OI),47.3
US.QQQ261009C762000,QQQ,CALL,762.0,2026-10-09,1,757.73,759.66,1.67,1.71,1.69,1.72,3.3123,11842.0,3990.0,432.0,1602004.0,18.24,0.314753582,0.04246413,-1.334406276,0.162757368,2026-10-07,-48.07233644295505,-0.254061027301681,10.554016522053685,2.967919799498747,12.141652613827993,2.3668639053254457,78.95895124260355,0.5635252662557879,0-1 DTE (skip),0,3,"Fresh (vol>OI), Near ATM",55.3
US.ASST261009C30500,ASST,CALL,30.5,2026-10-09,1,28.185,29.75,0.01,0.09,0.05,0.08,0.4793,11809.0,7261.0,-6243.0,108224.0,89.25,0.075189342,0.093562767,-0.049657399,0.002408689,2026-10-07,-83.30899228040892,-5.260504201680677,-48.3979304756937,1.6263600055088832,-46.23074644549763,160.0,99.314798,8.213588788362609,0-1 DTE (skip),0,2,Fresh (vol>OI),0.0
US.MARA261009C11500,MARA,CALL,11.5,2026-10-09,1,10.36,10.97,0.02,0.03,0.025,0.02,0.145,11773.0,20512.0,375.0,44979.0,118.513,0.077198231,0.195584601,-0.024824194,0.000903228,2026-10-07,-86.20689655172413,-5.560619872379227,-36.610265579310266,0.5739567082683308,1.8622436311267816,39.99999999999999,99.296776,11.00386100386101,0-1 DTE (skip),0,1,—,0.0
US.AAPL261009C347500,AAPL,CALL,347.5,2026-10-09,1,336.67,333.63,0.14,0.16,0.15,0.15,0.125,11739.0,18893.0,8121.0,152595.0,32.405,0.054285347,0.016749313,-0.149528634,0.022328836,2026-10-07,19.999999999999996,0.9111890417528461,7.600943295999074,0.6213412374953686,75.38989974006684,13.333333333333327,99.685756,3.2167998336650085,0-1 DTE (skip),0,3,OI added 75%,3.3
US.TLT261009P76500,TLT,PUT,76.5,2026-10-09,1,77.145,77.28,0.11,0.13,0.12,0.1,0.125,11718.0,10296.0,507.0,206339.0,18.944,-0.231706097,0.345072605,-0.10497978,0.01421486,2026-10-07,-19.999999999999996,-0.17468944099379544,38.95956552399906,1.1381118881118881,5.179282868525896,16.66666666666667,87.48315,-0.8360878864475936,0-1 DTE (skip),0,3,"Fresh (vol>OI), Near ATM",0.0
US.BMNR261016C27000,BMNR,CALL,27.0,2026-10-16,8,24.66,26.2,0.29,0.32,0.305,0.31,0.86,11672.0,16589.0,-8457.0,387497.0,70.453,0.214632335,0.111246401,-0.046868319,0.010870557,2026-10-07,-63.95348837209303,-5.8778625954198445,-20.069521523255844,0.7035987702694556,-33.76587079773217,9.836065573770501,15.366661967213114,9.48905109489051,Long unwinding,0,1,—,35.0
US.BMNU261016C23000,BMNU,CALL,23.0,2026-10-16,8,17.99,20.37,0.25,0.35,0.3,0.28,0.9172,11647.0,1252.0,-10543.0,471293.0,145.958,0.158581578,0.060999966,-0.057362531,0.006571947,2026-10-07,-69.47230702136939,-11.68384879725087,-22.06861244657649,9.302715654952078,-89.38533276812208,33.33333333333333,19.12084366666667,27.84880489160646,Long unwinding,0,2,Fresh (vol>OI),10.9
